model_key,model,family,size,is_edge,architecture,architecture_display,n_items,completude_mean,completude_ci_low,completude_ci_high,fidelidade_mean,fidelidade_ci_low,fidelidade_ci_high,rastreabilidade_mean,rastreabilidade_ci_low,rastreabilidade_ci_high,quality_mean,quality_ci_low,quality_ci_high,quality_S,quality_NS,quality_H,routing_accuracy,routing_ci_low,routing_ci_high,agent_match_rate,agent_ci_low,agent_ci_high,sql_match_rate,sql_ci_low,sql_ci_high,retrieval_precision_mean,retrieval_precision_ci_low,retrieval_precision_ci_high,retrieval_recall_mean,retrieval_recall_ci_low,retrieval_recall_ci_high,latency_mean,latency_ci_low,latency_ci_high,latency_median,input_tokens_mean,output_tokens_mean,total_tokens_mean
gemini-flash-lite,Gemini Flash-Lite,gemini,small,False,full,Completa,30,1.3777777777777773,1.222222222222222,1.5333333333333334,1.5666666666666669,1.444444444444445,1.6777777777777778,1.9333333333333333,1.8777777777777778,1.9777777777777779,1.625925925925926,1.5444444444444443,1.7074074074074068,1.6444444444444444,1.6888888888888889,1.5444444444444445,0.9666666666666667,0.9,1.0,1.0,1.0,1.0,0.55,0.35,0.75,0.8,0.675,0.925,0.8915,0.758,1.0,8.950999999999999,8.049658333333333,10.129683333333329,8.27,17455.633333333335,1029.7,18485.333333333332
gemini-flash-lite,Gemini Flash-Lite,gemini,small,False,no-synthesizer,Sem Síntese,30,1.4444444444444442,1.2555555555555555,1.6222222222222222,1.7666666666666664,1.6555555555555552,1.8555555555555556,1.8555555555555554,1.7888888888888885,1.922222222222222,1.688888888888889,1.5925925925925926,1.7778703703703693,1.7444444444444442,1.7555555555555558,1.5666666666666669,0.9666666666666667,0.9,1.0,1.0,1.0,1.0,0.6,0.4,0.8,0.8,0.675,0.925,0.8915,0.758,1.0,6.461666666666667,6.0629833333333325,6.863008333333334,6.37,12289.9,610.7,12900.6
gemini-flash-lite,Gemini Flash-Lite,gemini,small,False,no-verifier,Sem Verificação,30,1.3777777777777778,1.1888888888888889,1.5555555555555558,1.5,1.3777777777777775,1.6222222222222222,1.911111111111111,1.8555555555555554,1.9666666666666666,1.5962962962962963,1.5037037037037038,1.6888888888888887,1.6444444444444444,1.6333333333333333,1.511111111111111,0.9666666666666667,0.9,1.0,1.0,1.0,1.0,0.6,0.4,0.8,0.8,0.675,0.925,0.8915,0.758,1.0,6.524666666666666,6.091316666666667,6.951674999999999,6.525,12952.9,709.3666666666667,13662.266666666666
gemini-flash-lite,Gemini Flash-Lite,gemini,small,False,poc,Simples,30,1.1111111111111112,0.9333333333333333,1.2888888888888888,1.7111111111111112,1.5888888888888888,1.8222222222222222,1.7111111111111112,1.622222222222222,1.8,1.5111111111111113,1.425925925925926,1.596296296296296,1.3777777777777778,1.6111111111111114,1.5444444444444445,0.9333333333333333,0.8333333333333334,1.0,0.9666666666666667,0.9,1.0,0.55,0.35,0.75,0.8,0.65,0.925,0.85,0.7,0.975,5.4786666666666655,5.11,5.872666666666666,5.375,12347.066666666668,441.1666666666667,12788.233333333334
gemini-flash,Gemini Flash,gemini,medium,False,full,Completa,30,1.4888888888888885,1.322222222222222,1.6555555555555557,1.611111111111111,1.5111111111111108,1.6999999999999997,1.9444444444444444,1.8999999999999997,1.9888888888888892,1.6814814814814814,1.6037037037037036,1.7592592592592593,1.6,1.8222222222222224,1.6222222222222222,0.9333333333333333,0.8333333333333334,1.0,1.0,1.0,1.0,0.5,0.3,0.7,0.7415,0.5995,0.875,0.8915,0.758,1.0,35.64200000000001,25.51665,52.87236666666667,23.615,17723.033333333333,7490.9,25213.933333333334
gemini-flash,Gemini Flash,gemini,medium,False,no-synthesizer,Sem Síntese,30,1.4555555555555555,1.2333333333333334,1.6555555555555554,1.711111111111111,1.5999999999999999,1.822222222222222,1.9,1.8444444444444443,1.9555555555555555,1.6888888888888889,1.588888888888889,1.7814814814814814,1.5777777777777777,1.8444444444444446,1.6444444444444446,0.9333333333333333,0.8333333333333334,1.0,1.0,1.0,1.0,0.5,0.3,0.7,0.7415,0.6,0.875,0.8915,0.758,1.0,15.416666666666663,14.008666666666667,16.854041666666667,15.385000000000002,12503.1,2482.4333333333334,14985.533333333333
gemini-flash,Gemini Flash,gemini,medium,False,no-verifier,Sem Verificação,30,1.366666666666667,1.1333333333333333,1.5777777777777777,1.533333333333333,1.3666666666666663,1.6777777777777776,1.8333333333333333,1.6333333333333333,1.9777777777777779,1.5777777777777777,1.4148148148148147,1.711111111111111,1.4999999999999998,1.6333333333333335,1.6,0.9333333333333333,0.8333333333333334,1.0,1.0,1.0,1.0,0.5,0.3,0.7,0.7415,0.6,0.875,0.8915,0.758,1.0,31.41,17.375333333333334,51.23416666666666,17.005000000000003,13151.233333333334,7370.266666666666,20521.5
gemini-flash,Gemini Flash,gemini,medium,False,poc,Simples,30,1.1888888888888889,0.9666666666666669,1.4,1.6666666666666667,1.5333333333333334,1.788888888888889,1.6111111111111107,1.5111111111111106,1.6999999999999997,1.4888888888888892,1.3925925925925926,1.5851851851851853,1.4333333333333331,1.7,1.3333333333333335,0.9333333333333333,0.8333333333333334,1.0,1.0,1.0,1.0,0.4,0.2,0.6,0.8,0.65,0.925,0.9,0.75,1.0,20.391333333333343,13.15430833333333,33.12883333333333,14.085,11969.2,4435.2,16404.4
gemini-pro,Gemini Pro,gemini,large,False,full,Completa,30,1.4111111111111112,1.2111111111111108,1.6000000000000003,1.6888888888888887,1.5999999999999999,1.7666666666666666,1.9666666666666666,1.9222222222222223,2.0,1.6888888888888887,1.6185185185185182,1.7592592592592593,1.7333333333333336,1.711111111111111,1.6222222222222222,1.0,1.0,1.0,1.0,1.0,1.0,0.65,0.45,0.85,0.825,0.7,0.95,0.9164999999999999,0.783,1.0,40.85966666666666,37.38054999999999,44.25037499999999,42.3,16060.866666666667,4582.6,20643.466666666667
gemini-pro,Gemini Pro,gemini,large,False,no-synthesizer,Sem Síntese,30,1.411111111111111,1.2,1.611111111111111,1.7666666666666662,1.6555555555555557,1.8666666666666667,1.9111111111111112,1.8444444444444443,1.9666666666666666,1.6962962962962964,1.6037037037037039,1.7851851851851852,1.6777777777777778,1.7666666666666668,1.6444444444444444,1.0,1.0,1.0,1.0,1.0,1.0,0.6,0.4,0.8,0.825,0.7,0.95,0.9164999999999999,0.783,1.0,26.444,24.239200000000004,28.79071666666667,26.295,12265.7,2763.8333333333335,15029.533333333333
gemini-pro,Gemini Pro,gemini,large,False,no-verifier,Sem Verificação,30,1.3777777777777778,1.1777777777777778,1.5555555555555558,1.744444444444444,1.6444444444444442,1.833333333333333,1.9666666666666666,1.9222222222222223,2.0,1.696296296296296,1.6185185185185185,1.7666666666666666,1.7555555555555558,1.722222222222222,1.6111111111111112,1.0,1.0,1.0,1.0,1.0,1.0,0.65,0.45,0.85,0.825,0.7,0.95,0.9164999999999999,0.783,1.0,29.159333333333333,26.444658333333326,31.811449999999994,29.37,12918.7,3161.0,16079.7
gemini-pro,Gemini Pro,gemini,large,False,poc,Simples,30,1.1888888888888889,1.0222222222222224,1.3555555555555556,1.8888888888888888,1.8222222222222222,1.9444444444444444,1.622222222222222,1.5444444444444443,1.7,1.5666666666666664,1.4851851851851854,1.648148148148148,1.5666666666666667,1.7,1.4333333333333331,1.0,1.0,1.0,1.0,1.0,1.0,0.45,0.25,0.65,0.775,0.625,0.9,0.875,0.725,1.0,23.998666666666665,21.755658333333336,26.424341666666667,22.63,12109.8,2450.8333333333335,14560.633333333333
gpt-nano,GPT-5 Nano,gpt,small,False,full,Completa,30,1.4333333333333336,1.2222222222222223,1.6222222222222225,1.6666666666666667,1.5999999999999994,1.7333333333333332,1.911111111111111,1.8444444444444446,1.9666666666666666,1.6703703703703703,1.5777777777777777,1.7592592592592593,1.6555555555555557,1.722222222222222,1.6333333333333335,0.9,0.7666666666666667,1.0,1.0,1.0,1.0,0.55,0.35,0.75,0.6495,0.48200000000000004,0.8164999999999999,0.85,0.7,1.0,29.654666666666664,23.337866666666667,36.89206666666665,21.575,36060.73333333333,3385.866666666667,39446.6
gpt-nano,GPT-5 Nano,gpt,small,False,no-synthesizer,Sem Síntese,30,1.1444444444444446,0.9444444444444445,1.344444444444444,1.7555555555555553,1.6666666666666667,1.8333333333333333,1.8777777777777775,1.7888888888888888,1.9444444444444444,1.5925925925925921,1.5111111111111115,1.6666666666666667,1.5333333333333334,1.6333333333333335,1.6111111111111114,0.9333333333333333,0.8333333333333334,1.0,1.0,1.0,1.0,0.35,0.15,0.55,0.6335,0.4585,0.8,0.8,0.6,0.95,9.136666666666667,7.849958333333334,10.595383333333334,8.55,12745.6,936.7,13682.3
gpt-nano,GPT-5 Nano,gpt,small,False,no-verifier,Sem Verificação,30,1.1999999999999997,1.0111111111111108,1.3999999999999997,1.6555555555555554,1.5666666666666664,1.7444444444444442,1.9333333333333333,1.8777777777777778,1.9777777777777779,1.596296296296296,1.5222222222222221,1.6740740740740738,1.511111111111111,1.7555555555555558,1.5222222222222221,0.9,0.7666666666666667,1.0,1.0,1.0,1.0,0.4,0.2,0.6,0.725,0.55,0.9,0.8,0.6,0.95,10.079333333333333,8.818983333333334,11.391666666666667,9.79,13800.566666666668,989.0666666666667,14789.633333333333
gpt-nano,GPT-5 Nano,gpt,small,False,poc,Simples,30,1.0666666666666667,0.8555555555555556,1.2777777777777775,1.744444444444444,1.6666666666666665,1.8222222222222222,1.7333333333333332,1.622222222222222,1.833333333333333,1.514814814814815,1.4185185185185187,1.611111111111111,1.4666666666666666,1.6222222222222222,1.4555555555555557,0.9666666666666667,0.9,1.0,0.9666666666666667,0.9,1.0,0.4,0.2,0.6,0.725,0.55,0.9,0.8,0.6,0.95,7.212666666666667,6.585325000000001,7.884683333333333,6.875,10970.833333333334,498.6666666666667,11469.5
gpt-mini,GPT-5 Mini,gpt,medium,False,full,Completa,30,1.3555555555555552,1.1555555555555554,1.5555555555555556,1.5888888888888888,1.4555555555555555,1.7111111111111112,1.9666666666666666,1.9333333333333331,2.0,1.6370370370370368,1.5444444444444443,1.7259259259259254,1.6333333333333333,1.7555555555555558,1.5222222222222226,0.9333333333333333,0.8333333333333334,1.0,1.0,1.0,1.0,0.5,0.3,0.7,0.8,0.675,0.925,0.8915,0.758,1.0,11.668333333333333,10.106308333333336,13.341016666666667,10.295,21478.066666666666,1366.5666666666666,22844.633333333335
gpt-mini,GPT-5 Mini,gpt,medium,False,no-synthesizer,Sem Síntese,30,1.2666666666666664,1.0333333333333334,1.4888888888888887,1.7888888888888888,1.7111111111111108,1.8666666666666667,1.8222222222222222,1.7555555555555553,1.8888888888888888,1.6259259259259262,1.540740740740741,1.711111111111111,1.5333333333333334,1.7333333333333336,1.6111111111111114,0.9666666666666667,0.9,1.0,1.0,1.0,1.0,0.5,0.3,0.7,0.775,0.65,0.9,0.8915,0.758,1.0,5.737000000000001,5.263999999999999,6.257008333333333,5.67,11922.3,533.6666666666666,12455.966666666667
gpt-mini,GPT-5 Mini,gpt,medium,False,no-verifier,Sem Verificação,30,1.3777777777777775,1.1777777777777778,1.5666666666666667,1.6999999999999995,1.5999999999999994,1.7888888888888888,1.9444444444444444,1.8999999999999997,1.9888888888888887,1.674074074074074,1.5925925925925923,1.7555555555555553,1.6888888888888889,1.788888888888889,1.5444444444444445,1.0,1.0,1.0,1.0,1.0,1.0,0.5,0.3,0.7,0.775,0.65,0.9,0.8915,0.758,1.0,6.165,5.656325,6.695666666666668,5.82,12619.366666666667,669.6666666666666,13289.033333333333
gpt-mini,GPT-5 Mini,gpt,medium,False,poc,Simples,30,1.0444444444444445,0.8777777777777777,1.2222222222222219,1.7,1.5666666666666667,1.8222222222222222,1.5888888888888886,1.4888888888888885,1.6777777777777778,1.4444444444444444,1.3481481481481483,1.5333333333333337,1.4555555555555557,1.6,1.2777777777777777,0.9666666666666667,0.9,1.0,0.9666666666666667,0.9,1.0,0.35,0.15,0.55,0.75,0.575,0.9,0.85,0.7,1.0,4.429666666666667,4.105325,4.774008333333334,4.24,10937.333333333334,276.6666666666667,11214.0
gpt,GPT-5,gpt,large,False,full,Completa,30,1.5666666666666667,1.3777777777777775,1.7444444444444442,1.666666666666667,1.5777777777777777,1.7555555555555555,1.9555555555555557,1.911111111111111,1.9888888888888892,1.7296296296296299,1.6407407407407404,1.8148148148148144,1.722222222222222,1.8111111111111113,1.6555555555555557,1.0,1.0,1.0,1.0,1.0,1.0,0.65,0.45,0.85,0.758,0.616,0.8915,0.9164999999999999,0.783,1.0,36.35766666666667,28.197133333333337,45.42234166666666,26.92,21642.4,2439.5666666666666,24081.966666666667
gpt,GPT-5,gpt,large,False,no-synthesizer,Sem Síntese,30,1.5444444444444445,1.3666666666666667,1.7111111111111112,1.8444444444444443,1.7777777777777777,1.9111111111111112,1.9555555555555555,1.911111111111111,1.9888888888888892,1.7814814814814814,1.7111111111111108,1.8518518518518514,1.8,1.8555555555555556,1.6888888888888889,1.0,1.0,1.0,1.0,1.0,1.0,0.7,0.5,0.9,0.779,0.633,0.9125,0.9164999999999999,0.783,1.0,15.062333333333333,11.913558333333336,18.88268333333333,11.75,11987.566666666668,951.2333333333333,12938.8
gpt,GPT-5,gpt,large,False,no-verifier,Sem Verificação,30,1.5111111111111108,1.3111111111111111,1.688888888888889,1.6333333333333333,1.5333333333333334,1.722222222222222,1.9555555555555557,1.9111111111111112,1.9888888888888892,1.7,1.6185185185185182,1.774074074074074,1.6777777777777778,1.788888888888889,1.6333333333333335,0.9666666666666667,0.9,1.0,1.0,1.0,1.0,0.8,0.6,0.95,0.8,0.675,0.925,0.9164999999999999,0.783,1.0,18.197999999999997,14.7003,22.23471666666667,15.23,12906.033333333333,1157.2333333333333,14063.266666666666
gpt,GPT-5,gpt,large,False,poc,Simples,30,1.222222222222222,1.0333333333333334,1.411111111111111,1.8222222222222222,1.7444444444444442,1.9,1.844444444444444,1.7666666666666666,1.9111111111111112,1.62962962962963,1.5481481481481483,1.7074074074074077,1.6333333333333333,1.8,1.4555555555555553,0.9666666666666667,0.9,1.0,1.0,1.0,1.0,0.45,0.25,0.65,0.825,0.675,0.95,0.9,0.75,1.0,8.425,7.484333333333335,9.432675000000001,7.54,10917.133333333333,450.06666666666666,11367.2
qwen-35b,Qwen 3.5 35B-A3B,qwen,small,False,full,Completa,30,1.3666666666666667,1.1555555555555554,1.5777777777777777,1.5444444444444445,1.4111111111111112,1.666666666666667,1.8666666666666667,1.7111111111111112,1.9666666666666666,1.5925925925925928,1.4814814814814814,1.6962962962962962,1.6444444444444446,1.6333333333333335,1.4999999999999998,0.9333333333333333,0.8333333333333334,1.0,1.0,1.0,1.0,0.7,0.5,0.9,0.675,0.4914875000000001,0.842,0.8,0.6,0.95,101.39933333333335,82.05908333333332,122.00184999999998,95.785,34212.1,10414.8,44626.9
qwen-35b,Qwen 3.5 35B-A3B,qwen,small,False,no-synthesizer,Sem Síntese,30,1.3555555555555556,1.1555555555555554,1.5444444444444445,1.6333333333333333,1.4888888888888887,1.7666666666666664,1.811111111111111,1.6777777777777778,1.911388888888885,1.6000000000000003,1.4851851851851854,1.7037037037037037,1.7,1.488888888888889,1.6111111111111114,0.9666666666666667,0.9,1.0,1.0,1.0,1.0,0.75,0.55,0.9,0.675,0.5,0.85,0.8,0.6,0.95,27.773,23.024208333333334,32.817366666666665,23.165,14869.1,2861.4,17730.5
qwen-35b,Qwen 3.5 35B-A3B,qwen,small,False,no-verifier,Sem Verificação,30,1.3888888888888888,1.1888888888888889,1.5777777777777777,1.5777777777777773,1.4555555555555553,1.6999999999999995,1.8888888888888888,1.7777777777777777,1.9666666666666666,1.6185185185185182,1.5148148148148148,1.711203703703703,1.6333333333333333,1.588888888888889,1.6333333333333333,0.9333333333333333,0.8333333333333334,1.0,1.0,1.0,1.0,0.7,0.5,0.9,0.675,0.5,0.85,0.8,0.6,0.95,25.615000000000002,21.94430833333334,29.25000833333333,24.795,15375.933333333332,2207.9333333333334,17583.866666666665
qwen-35b,Qwen 3.5 35B-A3B,qwen,small,False,poc,Simples,30,1.1444444444444444,0.9111111111111111,1.3666666666666667,1.6999999999999997,1.5999999999999999,1.8,1.5333333333333334,1.3888888888888886,1.6555555555555552,1.459259259259259,1.3555555555555558,1.551851851851852,1.5,1.5111111111111113,1.3666666666666667,0.9666666666666667,0.9,1.0,1.0,1.0,1.0,0.65,0.45,0.85,0.7,0.525,0.875,0.8,0.6,0.95,18.229333333333333,15.554933333333336,21.05773333333333,17.32,12309.866666666667,2284.9333333333334,14594.8
qwen-122b,Qwen 3.5 122B-A10B,qwen,medium,False,full,Completa,30,1.3777777777777778,1.1444444444444444,1.6,1.533333333333333,1.411111111111111,1.6444444444444444,1.9222222222222223,1.8666666666666667,1.9666666666666666,1.611111111111111,1.5037037037037035,1.7111111111111112,1.5666666666666667,1.722222222222222,1.5444444444444445,0.9333333333333333,0.8333333333333334,1.0,1.0,1.0,1.0,0.65,0.45,0.85,0.6849999999999999,0.51,0.85,0.85,0.7,1.0,92.26566666666666,74.16101666666667,111.50008333333332,77.285,36623.333333333336,11122.066666666668,47745.4
qwen-122b,Qwen 3.5 122B-A10B,qwen,medium,False,no-synthesizer,Sem Síntese,30,1.3777777777777775,1.1555555555555557,1.577777777777778,1.722222222222222,1.611111111111111,1.833333333333333,1.8888888888888888,1.7999999999999998,1.9666666666666666,1.6629629629629632,1.5666666666666664,1.7555555555555553,1.6777777777777778,1.7222222222222225,1.588888888888889,0.9666666666666667,0.9,1.0,1.0,1.0,1.0,0.65,0.45,0.85,0.6599999999999999,0.485,0.825,0.825,0.65,0.975,23.69366666666667,21.37351666666667,25.93778333333333,24.735,14996.8,2757.4333333333334,17754.233333333334
qwen-122b,Qwen 3.5 122B-A10B,qwen,medium,False,no-verifier,Sem Verificação,30,1.422222222222222,1.222222222222222,1.611111111111111,1.5777777777777773,1.4555555555555557,1.7,1.9,1.7888888888888888,1.9777777777777779,1.6333333333333333,1.5296296296296295,1.7296296296296296,1.5666666666666667,1.7666666666666668,1.5666666666666669,0.9666666666666667,0.9,1.0,1.0,1.0,1.0,0.7,0.5,0.9,0.7,0.525,0.85,0.85,0.7,1.0,23.053333333333338,19.803333333333335,26.548041666666663,19.94,15147.833333333334,2282.9333333333334,17430.766666666666
qwen-122b,Qwen 3.5 122B-A10B,qwen,medium,False,poc,Simples,30,1.1777777777777776,0.9555555555555556,1.3888888888888886,1.7666666666666664,1.6555555555555552,1.8666666666666667,1.611111111111111,1.4555555555555553,1.744444444444444,1.5185185185185186,1.4185185185185183,1.611111111111111,1.5333333333333332,1.5111111111111113,1.511111111111111,1.0,1.0,1.0,1.0,1.0,1.0,0.6,0.4,0.8,0.725,0.55,0.875,0.8,0.625,0.95,19.070999999999994,16.632591666666666,21.682024999999996,16.615000000000002,12387.666666666666,1835.8666666666666,14223.533333333333
qwen-397b,Qwen 3.5 397B-A17B,qwen,large,False,full,Completa,30,1.4333333333333331,1.222222222222222,1.6222222222222222,1.6444444444444446,1.5444444444444443,1.7444444444444442,1.9222222222222223,1.8666666666666667,1.9666666666666666,1.6666666666666665,1.5703703703703702,1.759259259259259,1.6777777777777778,1.7666666666666668,1.5555555555555558,0.9666666666666667,0.9,1.0,1.0,1.0,1.0,0.75,0.55,0.9,0.7165,0.558,0.8501999999999971,0.8664999999999999,0.7165,1.0,168.81866666666662,134.17814166666668,212.47672500000002,140.7,29954.933333333334,8594.333333333334,38549.26666666667
qwen-397b,Qwen 3.5 397B-A17B,qwen,large,False,no-synthesizer,Sem Síntese,30,1.4,1.1777777777777778,1.6111111111111112,1.7555555555555555,1.6555555555555552,1.8555555555555554,1.8444444444444443,1.7111111111111112,1.9333333333333333,1.6666666666666665,1.562962962962963,1.759259259259259,1.6666666666666665,1.6888888888888889,1.6444444444444446,0.9666666666666667,0.9,1.0,1.0,1.0,1.0,0.7,0.5,0.9,0.7085,0.5585,0.85,0.8664999999999999,0.7165,1.0,77.43299999999999,60.754966666666654,96.37869166666664,58.57,12469.733333333334,3460.7,15930.433333333332
qwen-397b,Qwen 3.5 397B-A17B,qwen,large,False,no-verifier,Sem Verificação,30,1.4222222222222218,1.2111111111111112,1.6111111111111112,1.6666666666666667,1.5666666666666664,1.7666666666666666,1.8999999999999997,1.7888888888888888,1.9777777777777779,1.6629629629629628,1.5629629629629627,1.7555555555555553,1.6777777777777778,1.722222222222222,1.588888888888889,1.0,1.0,1.0,1.0,1.0,1.0,0.65,0.45,0.85,0.75,0.6,0.9,0.8664999999999999,0.7165,1.0,52.62800000000001,42.59060833333333,62.45398333333333,53.29,14726.4,2705.233333333333,17431.633333333335
qwen-397b,Qwen 3.5 397B-A17B,qwen,large,False,poc,Simples,30,1.1888888888888889,0.9666666666666667,1.3999999999999997,1.7777777777777777,1.6999999999999997,1.8555555555555554,1.4777777777777772,1.3,1.6222222222222222,1.4814814814814816,1.3888888888888886,1.5629629629629633,1.5333333333333332,1.4777777777777779,1.4333333333333336,1.0,1.0,1.0,1.0,1.0,1.0,0.35,0.15,0.55,0.725,0.55,0.9,0.8,0.6,0.95,42.01833333333333,34.19456666666667,50.50844999999999,33.545,11988.733333333334,2494.7,14483.433333333332
ministral-3b,Ministral 3B,mistral,edge,True,full,Completa,30,1.0777777777777777,0.8555555555555556,1.288888888888889,0.8888888888888891,0.7222222222222221,1.0555555555555556,1.9,1.8444444444444443,1.9555555555555555,1.2888888888888888,1.1703703703703705,1.4074074074074074,1.1888888888888887,1.488888888888889,1.1888888888888887,0.8,0.6333333333333333,0.9333333333333333,1.0,1.0,1.0,0.35,0.15,0.55,0.6015,0.41550000000000004,0.7825,0.775,0.575,0.95,96.27533333333332,38.017825,170.50737499999994,17.94,83070.86666666667,17913.7,100984.56666666667
ministral-3b,Ministral 3B,mistral,edge,True,no-synthesizer,Sem Síntese,30,1.011111111111111,0.7666666666666665,1.2444444444444445,1.211111111111111,1.011111111111111,1.4000000000000001,1.6333333333333333,1.5333333333333334,1.7333333333333332,1.2851851851851852,1.151851851851852,1.4111111111111114,1.3333333333333333,1.4666666666666668,1.0555555555555558,0.7666666666666667,0.6,0.9,1.0,1.0,1.0,0.2,0.05,0.4,0.6435000000000001,0.4615,0.8099999999999999,0.8,0.6,0.95,39.73799999999999,10.230550000000003,76.58759999999995,9.11,33024.333333333336,7090.133333333333,40114.46666666667
ministral-3b,Ministral 3B,mistral,edge,True,no-verifier,Sem Verificação,30,0.9555555555555555,0.7444444444444442,1.1666666666666665,1.0555555555555556,0.8888888888888887,1.222222222222222,1.7999999999999998,1.744444444444444,1.8555555555555554,1.2703703703703704,1.151851851851852,1.3814814814814815,1.1111111111111112,1.4333333333333333,1.2666666666666668,0.8,0.6658333333333407,0.9333333333333333,1.0,1.0,1.0,0.35,0.15,0.55,0.65,0.4585,0.8250124999999997,0.75,0.55,0.95,43.760666666666665,8.860933333333334,88.34667499999998,9.254999999999999,19465.933333333334,10103.066666666668,29569.0
ministral-3b,Ministral 3B,mistral,edge,True,poc,Simples,30,0.7999999999999999,0.5888888888888889,1.0222222222222224,1.2222222222222223,0.9888888888888889,1.4444444444444444,0.9888888888888889,0.7777777777777775,1.1999999999999997,1.0037037037037035,0.8481481481481483,1.151851851851852,0.9888888888888889,1.2333333333333334,0.7888888888888888,0.9333333333333333,0.8333333333333334,1.0,0.9666666666666667,0.9,1.0,0.25,0.1,0.45,0.675,0.475,0.85,0.725,0.525,0.9,16.31066666666667,5.837641666666666,35.32695833333333,6.55,30599.133333333335,2878.9666666666667,33478.1
gemma3-4b,Gemma 3 4B,gemma,edge,True,full,Completa,30,0.34444444444444444,0.18888888888888886,0.5111111111111112,0.9222222222222222,0.6888888888888889,1.1555555555555554,1.6999999999999997,1.5777777777777773,1.811111111111111,0.988888888888889,0.8518518518518519,1.1222222222222225,0.8333333333333333,1.2333333333333334,0.9,0.5333333333333333,0.36666666666666664,0.7,0.9666666666666667,0.9,1.0,0.05,0.0,0.15,0.2415,0.075,0.425,0.3,0.1,0.5,30.759333333333334,25.34698333333333,36.87443333333332,28.509999999999998,83382.26666666666,1744.7666666666667,85127.03333333334
gemma3-4b,Gemma 3 4B,gemma,edge,True,no-synthesizer,Sem Síntese,30,0.36666666666666675,0.18888888888888886,0.5666666666666667,1.155555555555556,0.9333333333333333,1.3666666666666667,1.666666666666667,1.5111111111111113,1.7891666666666628,1.0629629629629629,0.9259259259259259,1.1925925925925926,1.0666666666666667,1.1888888888888889,0.9333333333333332,0.5333333333333333,0.36666666666666664,0.7,0.9666666666666667,0.9,1.0,0.05,0.0,0.15,0.275,0.1,0.475,0.3,0.1,0.5,10.217666666666666,9.125958333333333,11.415008333333333,9.4,41837.666666666664,583.4,42421.066666666666
gemma3-4b,Gemma 3 4B,gemma,edge,True,no-verifier,Sem Verificação,30,0.3222222222222222,0.16666666666666663,0.5111111111111111,1.0333333333333334,0.7777777777777778,1.2888888888888888,1.5999999999999999,1.4111111111111112,1.7555555555555555,0.985185185185185,0.8332407407407415,1.1370370370370368,0.9555555555555555,1.0333333333333332,0.9666666666666666,0.5666666666666667,0.4,0.7333333333333333,0.9666666666666667,0.9,1.0,0.0,0.0,0.0,0.25,0.1,0.45,0.25,0.1,0.45,15.620000000000001,13.632966666666666,17.797525,14.955,42486.46666666667,731.8333333333334,43218.3
gemma3-4b,Gemma 3 4B,gemma,edge,True,poc,Simples,30,0.3444444444444444,0.17777777777777776,0.5222222222222223,1.3555555555555556,1.1333333333333329,1.5666666666666667,0.9111111111111113,0.6333333333333334,1.1777777777777778,0.8703703703703703,0.725925925925926,1.0111111111111108,0.8555555555555555,0.7111111111111111,1.0444444444444443,0.3333333333333333,0.16666666666666666,0.5,1.0,1.0,1.0,0.15,0.0,0.3,0.35,0.15,0.55,0.325,0.15,0.525,10.892,8.699641666666666,13.887683333333333,9.95,61641.1,438.53333333333336,62079.63333333333
llama-8b,Llama 3.1 8B,llama,edge,True,full,Completa,30,0.4777777777777778,0.3111111111111111,0.6444444444444444,1.0333333333333334,0.7555555555555556,1.3111111111111111,1.8555555555555556,1.7666666666666664,1.9333333333333333,1.1222222222222225,0.974074074074074,1.2703703703703701,1.0,1.411111111111111,0.9555555555555555,0.7,0.5333333333333333,0.8666666666666667,0.9666666666666667,0.9,1.0,0.15,0.0,0.3,0.525,0.325,0.725,0.575,0.35,0.775,30.065333333333335,22.718549999999997,39.03160833333333,23.119999999999997,46070.46666666667,1165.2333333333333,47235.7
llama-8b,Llama 3.1 8B,llama,edge,True,no-synthesizer,Sem Síntese,30,0.611111111111111,0.4111111111111111,0.8222222222222223,1.3555555555555556,1.1333333333333333,1.5666666666666667,1.5444444444444443,1.3777777777777773,1.6888888888888889,1.1703703703703703,1.037037037037037,1.3,1.1,1.3111111111111111,1.1,0.7666666666666667,0.6,0.9,0.9666666666666667,0.9,1.0,0.15,0.0,0.3,0.5,0.3,0.7,0.4915,0.28300000000000003,0.7,10.251333333333331,8.298658333333334,12.610349999999999,9.065,18952.566666666666,430.03333333333336,19382.6
llama-8b,Llama 3.1 8B,llama,edge,True,no-verifier,Sem Verificação,30,0.49999999999999994,0.33333333333333326,0.6777777777777778,0.9777777777777779,0.6997222222222245,1.2666666666666664,1.7333333333333334,1.5666666666666662,1.8777777777777775,1.0703703703703704,0.9296296296296298,1.2185185185185186,0.9888888888888887,1.3444444444444446,0.8777777777777777,0.7666666666666667,0.6,0.9,0.9333333333333333,0.8333333333333334,1.0,0.15,0.0,0.3,0.4,0.2,0.6,0.425,0.225,0.65,11.586666666666668,9.79,13.668,10.375,19734.333333333332,511.8666666666667,20246.2
llama-8b,Llama 3.1 8B,llama,edge,True,poc,Simples,30,0.3888888888888889,0.2111111111111111,0.5999999999999999,1.4777777777777779,1.2333333333333334,1.6888888888888889,1.088888888888889,0.8777777777777778,1.2999999999999998,0.9851851851851852,0.8444444444444446,1.125925925925926,1.0333333333333334,1.1555555555555554,0.7666666666666666,0.6,0.43333333333333335,0.7666666666666667,0.6333333333333333,0.4666666666666667,0.8,0.1,0.0,0.25,0.2,0.05,0.4,0.2,0.05,0.4,11.573666666666668,6.060233333333334,20.914033333333336,5.73,18912.433333333334,312.0,19224.433333333334
