item_id,type,completude,fidelidade,rastreabilidade,quality,latency_total,input_tokens,output_tokens,family,config,planner,sql,synth
S1,S,1.0,2.0,2.0,1.6666666666666667,7.81,10413.0,340.0,gpt,LLL,L,L,L
S2,S,2.0,2.0,1.6666666666666667,1.888888888888889,17.74,10856.0,1142.0,gpt,LLL,L,L,L
S3,S,2.0,2.0,2.0,2.0,10.58,10985.0,594.0,gpt,LLL,L,L,L
S4,S,1.0,2.0,1.6666666666666667,1.5555555555555556,9.55,14380.0,457.0,gpt,LLL,L,L,L
S5,S,0.6666666666666666,1.6666666666666667,2.0,1.4444444444444446,7.74,10571.0,423.0,gpt,LLL,L,L,L
S6,S,2.0,2.0,2.0,2.0,7.8,10096.0,415.0,gpt,LLL,L,L,L
S7,S,1.6666666666666667,2.0,2.0,1.888888888888889,30.88,16516.0,2009.0,gpt,LLL,L,L,L
S8,S,2.0,2.0,2.0,2.0,10.23,11029.0,560.0,gpt,LLL,L,L,L
S9,S,0.6666666666666666,2.0,2.0,1.5555555555555554,5.64,10179.0,245.0,gpt,LLL,L,L,L
S10,S,2.0,2.0,2.0,2.0,10.74,10208.0,523.0,gpt,LLL,L,L,L
NS1,NS,1.0,2.0,2.0,1.6666666666666667,8.76,10199.0,462.0,gpt,LLL,L,L,L
NS2,NS,1.6666666666666667,2.0,2.0,1.888888888888889,8.7,10632.0,512.0,gpt,LLL,L,L,L
NS3,NS,2.0,2.0,2.0,2.0,14.03,10230.0,951.0,gpt,LLL,L,L,L
NS4,NS,1.0,2.0,2.0,1.6666666666666667,7.4,10852.0,399.0,gpt,LLL,L,L,L
NS5,NS,1.6666666666666667,1.6666666666666667,2.0,1.777777777777778,8.77,9743.0,545.0,gpt,LLL,L,L,L
NS6,NS,1.6666666666666667,2.0,2.0,1.888888888888889,7.89,10240.0,490.0,gpt,LLL,L,L,L
NS7,NS,1.6666666666666667,2.0,2.0,1.888888888888889,12.19,10961.0,704.0,gpt,LLL,L,L,L
NS8,NS,2.0,1.6666666666666667,2.0,1.888888888888889,14.09,10294.0,757.0,gpt,LLL,L,L,L
NS9,NS,2.0,2.0,2.0,2.0,9.51,9881.0,555.0,gpt,LLL,L,L,L
NS10,NS,2.0,1.6666666666666667,2.0,1.888888888888889,23.88,10319.0,1668.0,gpt,LLL,L,L,L
H1,H,1.3333333333333333,1.6666666666666667,1.6666666666666667,1.5555555555555556,55.48,17067.0,3620.0,gpt,LLL,L,L,L
H2,H,2.0,2.0,2.0,2.0,20.35,13720.0,1426.0,gpt,LLL,L,L,L
H3,H,2.0,1.6666666666666667,2.0,1.888888888888889,17.08,11982.0,1139.0,gpt,LLL,L,L,L
H4,H,1.3333333333333333,1.6666666666666667,2.0,1.6666666666666667,23.71,16153.0,1801.0,gpt,LLL,L,L,L
H5,H,1.0,1.3333333333333333,2.0,1.4444444444444444,13.08,11497.0,713.0,gpt,LLL,L,L,L
H6,H,0.6666666666666666,1.6666666666666667,1.6666666666666667,1.3333333333333333,11.31,15764.0,792.0,gpt,LLL,L,L,L
H7,H,1.3333333333333333,1.6666666666666667,2.0,1.6666666666666667,12.73,11732.0,912.0,gpt,LLL,L,L,L
H8,H,2.0,1.6666666666666667,2.0,1.888888888888889,14.1,12469.0,827.0,gpt,LLL,L,L,L
H9,H,1.0,1.6666666666666667,2.0,1.5555555555555556,24.89,12200.0,1614.0,gpt,LLL,L,L,L
H10,H,2.0,1.6666666666666667,2.0,1.888888888888889,25.21,18459.0,1942.0,gpt,LLL,L,L,L
S1,S,1.0,2.0,2.0,1.6666666666666667,6.73,10417.0,358.0,gpt,SSS,S,S,S
S2,S,0.3333333333333333,2.0,2.0,1.4444444444444446,6.96,10249.0,412.0,gpt,SSS,S,S,S
S3,S,2.0,2.0,2.0,2.0,8.23,11097.0,543.0,gpt,SSS,S,S,S
S4,S,1.0,2.0,2.0,1.6666666666666667,8.44,12434.0,507.0,gpt,SSS,S,S,S
S5,S,0.6666666666666666,2.0,2.0,1.5555555555555554,6.62,10863.0,607.0,gpt,SSS,S,S,S
S6,S,0.6666666666666666,2.0,2.0,1.5555555555555554,5.65,10931.0,423.0,gpt,SSS,S,S,S
S7,S,0.0,2.0,1.0,1.0,22.33,11958.0,2435.0,gpt,SSS,S,S,S
S8,S,0.0,1.3333333333333333,2.0,1.111111111111111,9.43,24875.0,948.0,gpt,SSS,S,S,S
S9,S,0.6666666666666666,2.0,1.6666666666666667,1.4444444444444444,4.8,10226.0,266.0,gpt,SSS,S,S,S
S10,S,1.6666666666666667,2.0,2.0,1.888888888888889,9.7,11050.0,1046.0,gpt,SSS,S,S,S
NS1,NS,1.0,2.0,2.0,1.6666666666666667,3.97,10485.0,238.0,gpt,SSS,S,S,S
NS2,NS,1.3333333333333333,2.0,1.6666666666666667,1.6666666666666667,5.37,10656.0,419.0,gpt,SSS,S,S,S
NS3,NS,1.0,1.6666666666666667,1.6666666666666667,1.4444444444444446,6.56,11010.0,576.0,gpt,SSS,S,S,S
NS4,NS,1.0,1.0,2.0,1.3333333333333333,6.17,13355.0,442.0,gpt,SSS,S,S,S
NS5,NS,1.6666666666666667,1.6666666666666667,1.6666666666666667,1.6666666666666667,5.52,9756.0,565.0,gpt,SSS,S,S,S
NS6,NS,1.6666666666666667,1.6666666666666667,2.0,1.777777777777778,9.31,14016.0,948.0,gpt,SSS,S,S,S
NS7,NS,1.6666666666666667,1.6666666666666667,1.6666666666666667,1.6666666666666667,8.53,14309.0,779.0,gpt,SSS,S,S,S
NS8,NS,0.6666666666666666,1.6666666666666667,2.0,1.4444444444444446,5.62,10652.0,499.0,gpt,SSS,S,S,S
NS9,NS,2.0,1.6666666666666667,2.0,1.888888888888889,9.78,10773.0,1250.0,gpt,SSS,S,S,S
NS10,NS,1.6666666666666667,1.6666666666666667,2.0,1.777777777777778,8.84,10314.0,1049.0,gpt,SSS,S,S,S
H1,H,2.0,1.6666666666666667,1.6666666666666667,1.777777777777778,12.79,13822.0,1521.0,gpt,SSS,S,S,S
H2,H,1.0,1.6666666666666667,2.0,1.5555555555555556,8.13,13269.0,885.0,gpt,SSS,S,S,S
H3,H,1.6666666666666667,1.6666666666666667,2.0,1.777777777777778,11.85,15517.0,1169.0,gpt,SSS,S,S,S
H4,H,1.3333333333333333,1.6666666666666667,2.0,1.6666666666666667,15.71,18369.0,2133.0,gpt,SSS,S,S,S
H5,H,1.3333333333333333,1.6666666666666667,2.0,1.6666666666666667,9.24,13350.0,939.0,gpt,SSS,S,S,S
H6,H,0.6666666666666666,1.6666666666666667,2.0,1.4444444444444446,8.57,13561.0,956.0,gpt,SSS,S,S,S
H7,H,2.0,1.6666666666666667,2.0,1.888888888888889,9.46,11727.0,1112.0,gpt,SSS,S,S,S
H8,H,1.0,1.6666666666666667,1.6666666666666667,1.4444444444444446,9.74,12551.0,1043.0,gpt,SSS,S,S,S
H9,H,1.0,1.6666666666666667,1.6666666666666667,1.4444444444444446,13.73,14251.0,1833.0,gpt,SSS,S,S,S
H10,H,0.6666666666666666,1.6666666666666667,2.0,1.4444444444444446,16.32,16525.0,2200.0,gpt,SSS,S,S,S
S1,S,1.3333333333333333,2.0,2.0,1.7777777777777777,22.34,10483.0,2177.0,gpt,LLS,L,L,S
S2,S,1.6666666666666667,1.6666666666666667,2.0,1.777777777777778,62.2,10631.0,7646.0,gpt,LLS,L,L,S
S3,S,1.6666666666666667,2.0,2.0,1.888888888888889,35.31,11065.0,4054.0,gpt,LLS,L,L,S
S4,S,1.6666666666666667,2.0,2.0,1.888888888888889,49.71,11457.0,5604.0,gpt,LLS,L,L,S
S5,S,0.6666666666666666,1.6666666666666667,2.0,1.4444444444444446,32.71,10656.0,3533.0,gpt,LLS,L,L,S
S6,S,2.0,2.0,2.0,2.0,48.75,10829.0,6584.0,gpt,LLS,L,L,S
S7,S,1.0,1.6666666666666667,2.0,1.5555555555555556,68.98,15597.0,8465.0,gpt,LLS,L,L,S
S8,S,2.0,2.0,2.0,2.0,32.62,11079.0,4360.0,gpt,LLS,L,L,S
S9,S,1.0,2.0,2.0,1.6666666666666667,26.44,10222.0,2496.0,gpt,LLS,L,L,S
S10,S,2.0,2.0,2.0,2.0,57.86,11627.0,7834.0,gpt,LLS,L,L,S
NS1,NS,1.0,1.6666666666666667,2.0,1.5555555555555556,22.41,10253.0,2588.0,gpt,LLS,L,L,S
NS2,NS,1.6666666666666667,2.0,1.6666666666666667,1.777777777777778,21.49,10645.0,2638.0,gpt,LLS,L,L,S
NS3,NS,2.0,1.6666666666666667,2.0,1.888888888888889,34.87,11856.0,5425.0,gpt,LLS,L,L,S
NS4,NS,1.0,1.6666666666666667,2.0,1.5555555555555556,29.78,13123.0,4634.0,gpt,LLS,L,L,S
NS5,NS,2.0,2.0,2.0,2.0,25.66,9755.0,2587.0,gpt,LLS,L,L,S
NS6,NS,1.0,2.0,2.0,1.6666666666666667,36.82,10258.0,4504.0,gpt,LLS,L,L,S
NS7,NS,2.0,1.6666666666666667,2.0,1.888888888888889,70.57,12465.0,9590.0,gpt,LLS,L,L,S
NS8,NS,2.0,1.6666666666666667,1.6666666666666667,1.777777777777778,28.46,10465.0,3488.0,gpt,LLS,L,L,S
NS9,NS,2.0,1.6666666666666667,2.0,1.888888888888889,36.74,10328.0,4811.0,gpt,LLS,L,L,S
NS10,NS,2.0,1.3333333333333333,1.6666666666666667,1.6666666666666667,59.01,10397.0,7413.0,gpt,LLS,L,L,S
H1,H,2.0,1.6666666666666667,2.0,1.888888888888889,126.82,29286.0,15715.0,gpt,LLS,L,L,S
H2,H,1.3333333333333333,1.3333333333333333,2.0,1.5555555555555554,77.49,11813.0,8447.0,gpt,LLS,L,L,S
H3,H,2.0,1.0,2.0,1.6666666666666667,65.95,12201.0,7693.0,gpt,LLS,L,L,S
H4,H,1.3333333333333333,1.3333333333333333,2.0,1.5555555555555554,115.86,19011.0,14823.0,gpt,LLS,L,L,S
H5,H,1.0,1.3333333333333333,2.0,1.4444444444444444,44.59,11795.0,5474.0,gpt,LLS,L,L,S
H6,H,1.0,1.6666666666666667,2.0,1.5555555555555556,72.6,12240.0,7239.0,gpt,LLS,L,L,S
H7,H,1.6666666666666667,1.6666666666666667,2.0,1.777777777777778,52.97,11687.0,7092.0,gpt,LLS,L,L,S
H8,H,1.0,1.6666666666666667,1.6666666666666667,1.4444444444444446,55.74,12459.0,6580.0,gpt,LLS,L,L,S
H9,H,1.0,1.3333333333333333,1.6666666666666667,1.3333333333333333,68.77,12458.0,7336.0,gpt,LLS,L,L,S
H10,H,0.6666666666666666,0.6666666666666666,1.6666666666666667,1.0,103.56,13048.0,11946.0,gpt,LLS,L,L,S
S1,S,1.0,2.0,2.0,1.6666666666666667,44.08,10497.0,3838.0,gpt,LSL,L,S,L
S3,S,2.0,2.0,2.0,2.0,42.58,11086.0,3743.0,gpt,LSL,L,S,L
S4,S,1.6666666666666667,2.0,2.0,1.888888888888889,43.85,10855.0,3531.0,gpt,LSL,L,S,L
S2,S,2.0,2.0,2.0,2.0,70.6,10339.0,6871.0,gpt,LSL,L,S,L
S5,S,1.6666666666666667,1.6666666666666667,1.6666666666666667,1.6666666666666667,65.88,10898.0,5880.0,gpt,LSL,L,S,L
S6,S,2.0,2.0,2.0,2.0,76.34,10581.0,8357.0,gpt,LSL,L,S,L
S8,S,2.0,2.0,2.0,2.0,38.96,11079.0,3243.0,gpt,LSL,L,S,L
S9,S,1.0,2.0,1.6666666666666667,1.5555555555555556,25.54,10244.0,2493.0,gpt,LSL,L,S,L
NS1,NS,1.3333333333333333,1.6666666666666667,2.0,1.6666666666666667,25.82,10199.0,1877.0,gpt,LSL,L,S,L
NS2,NS,1.6666666666666667,2.0,2.0,1.888888888888889,32.15,12600.0,2466.0,gpt,LSL,L,S,L
NS5,NS,1.6666666666666667,2.0,2.0,1.888888888888889,32.59,10820.0,2267.0,gpt,LSL,L,S,L
NS6,NS,1.0,2.0,2.0,1.6666666666666667,34.33,10529.0,2837.0,gpt,LSL,L,S,L
S10,S,2.0,2.0,2.0,2.0,63.27,10836.0,6805.0,gpt,LSL,L,S,L
S7,S,0.0,2.0,1.6666666666666667,1.2222222222222223,120.28,12715.0,15602.0,gpt,LSL,L,S,L
NS3,NS,2.0,2.0,2.0,2.0,63.72,11890.0,4854.0,gpt,LSL,L,S,L
NS8,NS,1.6666666666666667,1.6666666666666667,2.0,1.777777777777778,42.97,10502.0,4163.0,gpt,LSL,L,S,L
NS7,NS,1.6666666666666667,2.0,2.0,1.888888888888889,66.27,12371.0,5405.0,gpt,LSL,L,S,L
NS9,NS,2.0,1.6666666666666667,2.0,1.888888888888889,51.4,10494.0,4726.0,gpt,LSL,L,S,L
NS4,NS,1.3333333333333333,2.0,2.0,1.7777777777777777,65.53,10730.0,5048.0,gpt,LSL,L,S,L
NS10,NS,2.0,1.3333333333333333,2.0,1.7777777777777777,74.67,12011.0,7345.0,gpt,LSL,L,S,L
H2,H,2.0,1.6666666666666667,2.0,1.888888888888889,79.7,11818.0,7481.0,gpt,LSL,L,S,L
H3,H,1.6666666666666667,1.6666666666666667,2.0,1.777777777777778,82.63,12041.0,8149.0,gpt,LSL,L,S,L
H6,H,1.3333333333333333,1.6666666666666667,2.0,1.6666666666666667,63.5,12179.0,5286.0,gpt,LSL,L,S,L
H1,H,2.0,1.6666666666666667,2.0,1.888888888888889,192.42,19416.0,20862.0,gpt,LSL,L,S,L
H7,H,2.0,1.6666666666666667,2.0,1.888888888888889,80.39,11837.0,6466.0,gpt,LSL,L,S,L
H4,H,1.6666666666666667,1.6666666666666667,2.0,1.777777777777778,123.86,15091.0,12279.0,gpt,LSL,L,S,L
H8,H,2.0,1.6666666666666667,2.0,1.888888888888889,77.9,12487.0,7324.0,gpt,LSL,L,S,L
H9,H,1.0,1.6666666666666667,2.0,1.5555555555555556,80.53,15090.0,7775.0,gpt,LSL,L,S,L
H10,H,1.6666666666666667,1.6666666666666667,2.0,1.777777777777778,103.96,13505.0,11294.0,gpt,LSL,L,S,L
H5,H,1.3333333333333333,1.6666666666666667,2.0,1.6666666666666667,68.83,11649.0,6196.0,gpt,LSL,L,S,L
S1,S,1.0,2.0,2.0,1.6666666666666667,29.75,10491.0,3011.0,gpt,LSS,L,S,S
S2,S,2.0,2.0,2.0,2.0,58.53,10311.0,5667.0,gpt,LSS,L,S,S
S3,S,2.0,2.0,2.0,2.0,46.08,11175.0,4891.0,gpt,LSS,L,S,S
S4,S,1.3333333333333333,2.0,2.0,1.7777777777777777,43.3,11032.0,4233.0,gpt,LSS,L,S,S
S5,S,0.6666666666666666,1.6666666666666667,2.0,1.4444444444444446,41.18,10656.0,4303.0,gpt,LSS,L,S,S
S6,S,2.0,2.0,2.0,2.0,57.91,10639.0,7255.0,gpt,LSS,L,S,S
S7,S,2.0,2.0,1.6666666666666667,1.888888888888889,104.73,13359.0,14180.0,gpt,LSS,L,S,S
S8,S,2.0,2.0,2.0,2.0,41.67,11061.0,4622.0,gpt,LSS,L,S,S
S9,S,1.0,2.0,2.0,1.6666666666666667,22.34,10204.0,2361.0,gpt,LSS,L,S,S
S10,S,2.0,2.0,1.6666666666666667,1.888888888888889,126.55,12437.0,16445.0,gpt,LSS,L,S,S
NS1,NS,1.3333333333333333,2.0,2.0,1.7777777777777777,27.1,10199.0,2798.0,gpt,LSS,L,S,S
NS2,NS,1.6666666666666667,1.6666666666666667,1.6666666666666667,1.6666666666666667,31.93,10659.0,3754.0,gpt,LSS,L,S,S
NS3,NS,2.0,2.0,2.0,2.0,66.08,11953.0,6829.0,gpt,LSS,L,S,S
NS4,NS,1.6666666666666667,2.0,2.0,1.888888888888889,70.74,10885.0,6692.0,gpt,LSS,L,S,S
NS5,NS,1.6666666666666667,2.0,2.0,1.888888888888889,24.05,9777.0,2217.0,gpt,LSS,L,S,S
NS6,NS,1.6666666666666667,1.6666666666666667,2.0,1.777777777777778,56.41,12355.0,5992.0,gpt,LSS,L,S,S
NS7,NS,1.6666666666666667,1.6666666666666667,2.0,1.777777777777778,58.13,12515.0,7125.0,gpt,LSS,L,S,S
NS8,NS,1.6666666666666667,1.6666666666666667,2.0,1.777777777777778,49.58,12009.0,5436.0,gpt,LSS,L,S,S
NS9,NS,2.0,1.6666666666666667,2.0,1.888888888888889,47.18,12376.0,5096.0,gpt,LSS,L,S,S
NS10,NS,2.0,1.3333333333333333,1.6666666666666667,1.6666666666666667,78.43,12170.0,9841.0,gpt,LSS,L,S,S
H1,H,1.3333333333333333,1.0,1.3333333333333333,1.222222222222222,266.14,25460.0,31497.0,gpt,LSS,L,S,S
H2,H,1.6666666666666667,2.0,2.0,1.888888888888889,84.59,11756.0,8470.0,gpt,LSS,L,S,S
H3,H,1.6666666666666667,2.0,2.0,1.888888888888889,116.04,12828.0,12721.0,gpt,LSS,L,S,S
H4,H,1.6666666666666667,1.6666666666666667,2.0,1.777777777777778,116.93,15754.0,11822.0,gpt,LSS,L,S,S
H5,H,1.0,1.6666666666666667,1.6666666666666667,1.4444444444444446,80.33,11820.0,6923.0,gpt,LSS,L,S,S
H6,H,1.0,1.6666666666666667,2.0,1.5555555555555556,82.7,13186.0,7370.0,gpt,LSS,L,S,S
H7,H,1.6666666666666667,1.3333333333333333,2.0,1.6666666666666667,68.95,11707.0,7338.0,gpt,LSS,L,S,S
H8,H,1.3333333333333333,1.6666666666666667,2.0,1.6666666666666667,55.52,14461.0,5562.0,gpt,LSS,L,S,S
H9,H,0.6666666666666666,1.6666666666666667,2.0,1.4444444444444446,81.78,12580.0,8532.0,gpt,LSS,L,S,S
H10,H,1.0,1.3333333333333333,1.6666666666666667,1.3333333333333333,150.53,14658.0,15788.0,gpt,LSS,L,S,S
S1,S,0.6666666666666666,2.0,2.0,1.5555555555555554,58.03,10475.0,4071.0,gpt,SLL,S,L,L
S2,S,2.0,2.0,2.0,2.0,198.35,17023.0,16373.0,gpt,SLL,S,L,L
S3,S,2.0,2.0,2.0,2.0,65.41,10937.0,4670.0,gpt,SLL,S,L,L
S4,S,1.0,2.0,1.6666666666666667,1.5555555555555556,62.51,11204.0,5159.0,gpt,SLL,S,L,L
S5,S,0.6666666666666666,2.0,2.0,1.5555555555555554,49.05,10614.0,3426.0,gpt,SLL,S,L,L
S6,S,0.0,2.0,1.0,1.0,27.11,8738.0,2189.0,gpt,SLL,S,L,L
S7,S,2.0,2.0,2.0,2.0,75.15,10726.0,6664.0,gpt,SLL,S,L,L
S8,S,2.0,2.0,2.0,2.0,55.88,11038.0,4869.0,gpt,SLL,S,L,L
S9,S,0.6666666666666666,2.0,2.0,1.5555555555555554,31.19,10205.0,2429.0,gpt,SLL,S,L,L
S10,S,2.0,2.0,2.0,2.0,74.57,11373.0,6438.0,gpt,SLL,S,L,L
NS1,NS,1.0,1.6666666666666667,2.0,1.5555555555555556,22.59,10489.0,2123.0,gpt,SLL,S,L,L
NS2,NS,1.3333333333333333,2.0,1.6666666666666667,1.6666666666666667,24.34,10724.0,2017.0,gpt,SLL,S,L,L
NS3,NS,1.6666666666666667,2.0,2.0,1.888888888888889,44.41,11357.0,4127.0,gpt,SLL,S,L,L
NS4,NS,1.0,2.0,2.0,1.6666666666666667,36.88,12681.0,3452.0,gpt,SLL,S,L,L
NS5,NS,1.6666666666666667,2.0,2.0,1.888888888888889,33.44,9785.0,2889.0,gpt,SLL,S,L,L
NS6,NS,1.6666666666666667,2.0,2.0,1.888888888888889,41.56,10478.0,3684.0,gpt,SLL,S,L,L
NS7,NS,2.0,2.0,2.0,2.0,58.99,12096.0,5138.0,gpt,SLL,S,L,L
NS8,NS,1.6666666666666667,2.0,2.0,1.888888888888889,59.35,9890.0,5117.0,gpt,SLL,S,L,L
NS9,NS,2.0,1.6666666666666667,2.0,1.888888888888889,63.55,12834.0,5273.0,gpt,SLL,S,L,L
NS10,NS,2.0,1.6666666666666667,2.0,1.888888888888889,86.08,15471.0,6812.0,gpt,SLL,S,L,L
H1,H,2.0,1.3333333333333333,2.0,1.7777777777777777,175.64,96897.0,13914.0,gpt,SLL,S,L,L
H2,H,1.6666666666666667,1.3333333333333333,2.0,1.6666666666666667,90.97,11891.0,6876.0,gpt,SLL,S,L,L
H3,H,1.6666666666666667,1.6666666666666667,2.0,1.777777777777778,83.47,11992.0,6740.0,gpt,SLL,S,L,L
H4,H,1.6666666666666667,1.6666666666666667,2.0,1.777777777777778,123.61,15686.0,10981.0,gpt,SLL,S,L,L
H5,H,1.6666666666666667,1.6666666666666667,2.0,1.777777777777778,102.88,12041.0,8228.0,gpt,SLL,S,L,L
H6,H,1.0,1.6666666666666667,2.0,1.5555555555555556,118.45,136946.0,9090.0,gpt,SLL,S,L,L
H7,H,2.0,2.0,2.0,2.0,69.18,11770.0,5909.0,gpt,SLL,S,L,L
H8,H,1.6666666666666667,1.6666666666666667,2.0,1.777777777777778,61.1,12277.0,5932.0,gpt,SLL,S,L,L
H9,H,1.0,1.6666666666666667,2.0,1.5555555555555556,87.93,13393.0,7981.0,gpt,SLL,S,L,L
H10,H,1.0,1.6666666666666667,2.0,1.5555555555555556,69.28,13774.0,6950.0,gpt,SLL,S,L,L
S1,S,1.0,2.0,2.0,1.6666666666666667,43.55,10421.0,4128.0,gpt,SLS,S,L,S
S2,S,2.0,2.0,2.0,2.0,69.48,10357.0,6564.0,gpt,SLS,S,L,S
S3,S,2.0,2.0,1.6666666666666667,1.888888888888889,56.8,10987.0,5852.0,gpt,SLS,S,L,S
S4,S,1.3333333333333333,2.0,2.0,1.7777777777777777,50.59,10967.0,5854.0,gpt,SLS,S,L,S
S5,S,1.6666666666666667,1.6666666666666667,2.0,1.777777777777778,42.13,10821.0,4152.0,gpt,SLS,S,L,S
S6,S,0.0,1.3333333333333333,1.6666666666666667,1.0,51.7,12465.0,7554.0,gpt,SLS,S,L,S
S7,S,2.0,2.0,2.0,2.0,46.68,10327.0,4962.0,gpt,SLS,S,L,S
S8,S,2.0,2.0,2.0,2.0,46.09,13035.0,5819.0,gpt,SLS,S,L,S
S9,S,1.3333333333333333,2.0,2.0,1.7777777777777777,24.1,10195.0,2769.0,gpt,SLS,S,L,S
S10,S,2.0,2.0,2.0,2.0,41.28,10144.0,4475.0,gpt,SLS,S,L,S
NS1,NS,1.0,2.0,2.0,1.6666666666666667,20.67,10399.0,2517.0,gpt,SLS,S,L,S
NS2,NS,1.3333333333333333,2.0,2.0,1.7777777777777777,23.72,10661.0,3358.0,gpt,SLS,S,L,S
NS3,NS,1.0,1.6666666666666667,2.0,1.5555555555555556,25.01,9891.0,3664.0,gpt,SLS,S,L,S
NS4,NS,0.0,1.6666666666666667,1.6666666666666667,1.1111111111111112,38.5,10898.0,5620.0,gpt,SLS,S,L,S
NS5,NS,1.6666666666666667,2.0,1.6666666666666667,1.777777777777778,22.93,9746.0,2965.0,gpt,SLS,S,L,S
NS6,NS,1.0,1.6666666666666667,1.6666666666666667,1.4444444444444446,31.03,10239.0,4394.0,gpt,SLS,S,L,S
NS7,NS,2.0,1.6666666666666667,1.6666666666666667,1.777777777777778,49.02,12726.0,7228.0,gpt,SLS,S,L,S
NS8,NS,1.6666666666666667,2.0,2.0,1.888888888888889,36.77,10510.0,4919.0,gpt,SLS,S,L,S
NS9,NS,1.6666666666666667,1.3333333333333333,2.0,1.6666666666666667,30.86,12373.0,4182.0,gpt,SLS,S,L,S
NS10,NS,2.0,1.6666666666666667,2.0,1.888888888888889,43.66,10342.0,6232.0,gpt,SLS,S,L,S
H1,H,2.0,1.3333333333333333,1.6666666666666667,1.6666666666666667,66.28,15660.0,8670.0,gpt,SLS,S,L,S
H2,H,1.6666666666666667,1.6666666666666667,2.0,1.777777777777778,73.49,12350.0,8760.0,gpt,SLS,S,L,S
H3,H,2.0,1.6666666666666667,2.0,1.888888888888889,59.24,12116.0,7872.0,gpt,SLS,S,L,S
H4,H,1.0,1.0,1.6666666666666667,1.2222222222222223,212.44,23282.0,22747.0,gpt,SLS,S,L,S
H5,H,1.0,1.6666666666666667,2.0,1.5555555555555556,45.29,11576.0,6153.0,gpt,SLS,S,L,S
H6,H,0.3333333333333333,1.6666666666666667,1.6666666666666667,1.2222222222222223,45.68,14776.0,6876.0,gpt,SLS,S,L,S
H7,H,1.6666666666666667,1.6666666666666667,2.0,1.777777777777778,52.5,11651.0,7434.0,gpt,SLS,S,L,S
H8,H,2.0,1.6666666666666667,2.0,1.888888888888889,54.45,12542.0,7245.0,gpt,SLS,S,L,S
H9,H,1.0,1.6666666666666667,2.0,1.5555555555555556,78.11,13341.0,10705.0,gpt,SLS,S,L,S
H10,H,0.6666666666666666,1.0,2.0,1.222222222222222,94.58,12466.0,12293.0,gpt,SLS,S,L,S
S1,S,0.6666666666666666,2.0,2.0,1.5555555555555554,30.87,10414.0,3003.0,gpt,SSL,S,S,L
S5,S,0.6666666666666666,1.6666666666666667,2.0,1.4444444444444446,34.68,10612.0,3143.0,gpt,SSL,S,S,L
S6,S,0.0,2.0,2.0,1.3333333333333333,49.31,11062.0,5176.0,gpt,SSL,S,S,L
S3,S,2.0,2.0,2.0,2.0,39.28,11000.0,3643.0,gpt,SSL,S,S,L
S4,S,1.3333333333333333,2.0,1.6666666666666667,1.6666666666666667,53.46,10871.0,5034.0,gpt,SSL,S,S,L
NS1,NS,1.0,1.6666666666666667,2.0,1.5555555555555556,19.91,10485.0,1896.0,gpt,SSL,S,S,L
S9,S,0.6666666666666666,2.0,2.0,1.5555555555555554,26.81,10186.0,2603.0,gpt,SSL,S,S,L
S8,S,2.0,2.0,2.0,2.0,66.21,13028.0,6387.0,gpt,SSL,S,S,L
NS2,NS,1.3333333333333333,2.0,2.0,1.7777777777777777,31.63,10729.0,2647.0,gpt,SSL,S,S,L
S10,S,2.0,2.0,2.0,2.0,51.17,10513.0,5662.0,gpt,SSL,S,S,L
NS3,NS,2.0,2.0,2.0,2.0,35.51,10212.0,3302.0,gpt,SSL,S,S,L
NS4,NS,1.0,2.0,2.0,1.6666666666666667,44.61,11025.0,3581.0,gpt,SSL,S,S,L
NS5,NS,1.6666666666666667,2.0,2.0,1.888888888888889,45.22,9753.0,2746.0,gpt,SSL,S,S,L
NS6,NS,1.3333333333333333,1.6666666666666667,2.0,1.6666666666666667,45.72,10473.0,3873.0,gpt,SSL,S,S,L
NS7,NS,1.6666666666666667,2.0,2.0,1.888888888888889,61.49,10298.0,4074.0,gpt,SSL,S,S,L
S7,S,2.0,1.6666666666666667,2.0,1.888888888888889,171.49,10656.0,15050.0,gpt,SSL,S,S,L
NS8,NS,2.0,2.0,2.0,2.0,61.98,11570.0,6004.0,gpt,SSL,S,S,L
NS10,NS,2.0,1.6666666666666667,1.6666666666666667,1.777777777777778,55.46,10345.0,4247.0,gpt,SSL,S,S,L
NS9,NS,2.0,1.6666666666666667,2.0,1.888888888888889,45.62,10065.0,3788.0,gpt,SSL,S,S,L
H3,H,1.0,1.6666666666666667,2.0,1.5555555555555556,68.08,12706.0,7753.0,gpt,SSL,S,S,L
H5,H,1.0,1.6666666666666667,2.0,1.5555555555555556,49.39,11793.0,5683.0,gpt,SSL,S,S,L
H2,H,2.0,1.6666666666666667,2.0,1.888888888888889,75.23,14400.0,9600.0,gpt,SSL,S,S,L
H4,H,1.3333333333333333,1.6666666666666667,2.0,1.6666666666666667,99.82,13919.0,11717.0,gpt,SSL,S,S,L
H1,H,1.6666666666666667,1.6666666666666667,2.0,1.777777777777778,138.79,17139.0,16205.0,gpt,SSL,S,S,L
H6,H,0.6666666666666666,1.6666666666666667,1.6666666666666667,1.3333333333333333,62.6,73924.0,6425.0,gpt,SSL,S,S,L
H8,H,2.0,1.6666666666666667,2.0,1.888888888888889,76.43,12459.0,7361.0,gpt,SSL,S,S,L
H10,H,0.6666666666666666,1.6666666666666667,2.0,1.4444444444444446,73.56,12444.0,7177.0,gpt,SSL,S,S,L
H7,H,1.6666666666666667,1.6666666666666667,2.0,1.777777777777778,104.96,11815.0,7158.0,gpt,SSL,S,S,L
H9,H,1.0,1.6666666666666667,2.0,1.5555555555555556,94.24,13477.0,8719.0,gpt,SSL,S,S,L
S2,S,2.0,2.0,2.0,2.0,50.36,10658.0,6367.0,gpt,SSL,S,S,L
S1,S,1.0,2.0,2.0,1.6666666666666667,22.56,11428.0,2085.0,gemini,LLL,L,L,L
S2,S,0.6666666666666666,1.6666666666666667,1.6666666666666667,1.3333333333333333,45.41,11366.0,5333.0,gemini,LLL,L,L,L
S3,S,2.0,2.0,2.0,2.0,26.77,12260.0,2889.0,gemini,LLL,L,L,L
S4,S,1.6666666666666667,2.0,1.6666666666666667,1.777777777777778,34.85,14100.0,4065.0,gemini,LLL,L,L,L
S5,S,0.6666666666666666,1.6666666666666667,2.0,1.4444444444444446,19.83,11420.0,1711.0,gemini,LLL,L,L,L
S6,S,2.0,2.0,2.0,2.0,23.14,11073.0,2293.0,gemini,LLL,L,L,L
S7,S,0.6666666666666666,1.3333333333333333,1.6666666666666667,1.2222222222222223,30.91,11910.0,3114.0,gemini,LLL,L,L,L
S8,S,2.0,2.0,2.0,2.0,29.21,11979.0,3102.0,gemini,LLL,L,L,L
S9,S,0.3333333333333333,2.0,1.6666666666666667,1.3333333333333333,16.06,11053.0,1286.0,gemini,LLL,L,L,L
S10,S,2.0,2.0,2.0,2.0,24.34,11085.0,2354.0,gemini,LLL,L,L,L
NS1,NS,1.0,1.6666666666666667,2.0,1.5555555555555556,23.95,11004.0,2099.0,gemini,LLL,L,L,L
NS2,NS,1.6666666666666667,2.0,1.6666666666666667,1.777777777777778,22.62,11169.0,2385.0,gemini,LLL,L,L,L
NS3,NS,2.0,2.0,2.0,2.0,28.61,11045.0,3525.0,gemini,LLL,L,L,L
NS4,NS,1.0,1.6666666666666667,2.0,1.5555555555555556,17.23,11748.0,1682.0,gemini,LLL,L,L,L
NS5,NS,1.6666666666666667,2.0,1.6666666666666667,1.777777777777778,18.9,10464.0,2007.0,gemini,LLL,L,L,L
NS6,NS,1.0,2.0,2.0,1.6666666666666667,17.66,11021.0,1803.0,gemini,LLL,L,L,L
NS7,NS,1.3333333333333333,2.0,1.3333333333333333,1.5555555555555554,17.78,11588.0,1562.0,gemini,LLL,L,L,L
NS8,NS,2.0,2.0,2.0,2.0,28.31,10839.0,3409.0,gemini,LLL,L,L,L
NS9,NS,2.0,1.6666666666666667,2.0,1.888888888888889,23.46,10620.0,2462.0,gemini,LLL,L,L,L
NS10,NS,2.0,1.6666666666666667,2.0,1.888888888888889,25.82,11164.0,2846.0,gemini,LLL,L,L,L
H1,H,2.0,1.6666666666666667,2.0,1.888888888888889,32.44,16634.0,3486.0,gemini,LLL,L,L,L
H2,H,1.6666666666666667,1.0,2.0,1.5555555555555556,29.81,12197.0,3110.0,gemini,LLL,L,L,L
H3,H,2.0,2.0,2.0,2.0,24.71,13092.0,2673.0,gemini,LLL,L,L,L
H4,H,1.0,1.3333333333333333,2.0,1.4444444444444444,36.62,13497.0,3941.0,gemini,LLL,L,L,L
H5,H,1.0,1.6666666666666667,2.0,1.5555555555555556,27.64,12517.0,2901.0,gemini,LLL,L,L,L
H6,H,0.3333333333333333,1.6666666666666667,2.0,1.3333333333333333,30.51,15807.0,3156.0,gemini,LLL,L,L,L
H7,H,2.0,2.0,2.0,2.0,21.35,12781.0,1925.0,gemini,LLL,L,L,L
H8,H,1.6666666666666667,1.6666666666666667,2.0,1.777777777777778,33.27,13569.0,3488.0,gemini,LLL,L,L,L
H9,H,0.6666666666666666,1.0,2.0,1.222222222222222,28.39,13891.0,2776.0,gemini,LLL,L,L,L
H10,H,1.3333333333333333,1.6666666666666667,2.0,1.6666666666666667,31.16,15650.0,3447.0,gemini,LLL,L,L,L
S1,S,1.0,1.6666666666666667,2.0,1.5555555555555556,8.11,11415.0,334.0,gemini,SSS,S,S,S
S2,S,0.6666666666666666,2.0,1.6666666666666667,1.4444444444444444,8.03,11350.0,525.0,gemini,SSS,S,S,S
S3,S,2.0,2.0,2.0,2.0,8.97,12254.0,679.0,gemini,SSS,S,S,S
S4,S,1.3333333333333333,2.0,1.6666666666666667,1.6666666666666667,8.27,14100.0,337.0,gemini,SSS,S,S,S
S5,S,0.6666666666666666,1.6666666666666667,1.6666666666666667,1.3333333333333333,5.02,11599.0,391.0,gemini,SSS,S,S,S
S6,S,2.0,2.0,2.0,2.0,6.02,11056.0,409.0,gemini,SSS,S,S,S
S7,S,1.6666666666666667,2.0,2.0,1.888888888888889,5.96,10867.0,479.0,gemini,SSS,S,S,S
S8,S,2.0,2.0,2.0,2.0,6.96,14378.0,617.0,gemini,SSS,S,S,S
S9,S,0.6666666666666666,2.0,2.0,1.5555555555555554,4.48,11158.0,280.0,gemini,SSS,S,S,S
S10,S,2.0,2.0,2.0,2.0,5.1,11079.0,469.0,gemini,SSS,S,S,S
NS1,NS,1.3333333333333333,2.0,2.0,1.7777777777777777,6.53,11003.0,651.0,gemini,SSS,S,S,S
NS2,NS,1.6666666666666667,2.0,2.0,1.888888888888889,6.46,11168.0,668.0,gemini,SSS,S,S,S
NS3,NS,2.0,2.0,1.6666666666666667,1.888888888888889,7.01,10997.0,728.0,gemini,SSS,S,S,S
NS4,NS,1.0,1.3333333333333333,2.0,1.4444444444444444,6.25,11748.0,283.0,gemini,SSS,S,S,S
NS5,NS,1.6666666666666667,1.6666666666666667,2.0,1.777777777777778,7.62,10469.0,500.0,gemini,SSS,S,S,S
NS6,NS,1.6666666666666667,1.6666666666666667,2.0,1.777777777777778,4.53,11022.0,492.0,gemini,SSS,S,S,S
NS7,NS,1.3333333333333333,1.6666666666666667,1.6666666666666667,1.5555555555555556,7.56,11586.0,630.0,gemini,SSS,S,S,S
NS8,NS,2.0,2.0,2.0,2.0,6.9,11312.0,796.0,gemini,SSS,S,S,S
NS9,NS,2.0,1.6666666666666667,1.6666666666666667,1.777777777777778,4.89,10620.0,628.0,gemini,SSS,S,S,S
NS10,NS,1.6666666666666667,1.6666666666666667,1.6666666666666667,1.6666666666666667,5.39,11171.0,749.0,gemini,SSS,S,S,S
H1,H,2.0,2.0,2.0,2.0,7.94,17124.0,1024.0,gemini,SSS,S,S,S
H2,H,1.3333333333333333,1.3333333333333333,2.0,1.5555555555555554,5.92,12296.0,774.0,gemini,SSS,S,S,S
H3,H,1.6666666666666667,1.6666666666666667,1.6666666666666667,1.6666666666666667,6.27,13075.0,701.0,gemini,SSS,S,S,S
H4,H,1.0,1.6666666666666667,1.6666666666666667,1.4444444444444446,6.14,13830.0,860.0,gemini,SSS,S,S,S
H5,H,1.3333333333333333,1.6666666666666667,1.6666666666666667,1.5555555555555556,6.53,12538.0,715.0,gemini,SSS,S,S,S
H6,H,0.3333333333333333,1.6666666666666667,2.0,1.3333333333333333,5.78,15523.0,529.0,gemini,SSS,S,S,S
H7,H,1.6666666666666667,2.0,2.0,1.888888888888889,5.16,12788.0,563.0,gemini,SSS,S,S,S
H8,H,2.0,1.6666666666666667,2.0,1.888888888888889,6.28,13560.0,792.0,gemini,SSS,S,S,S
H9,H,1.0,0.6666666666666666,1.3333333333333333,1.0,6.94,14184.0,825.0,gemini,SSS,S,S,S
H10,H,0.6666666666666666,1.6666666666666667,1.6666666666666667,1.3333333333333333,6.83,13427.0,893.0,gemini,SSS,S,S,S
S1,S,1.0,1.6666666666666667,2.0,1.5555555555555556,60.64,11428.0,1073.0,gemini,LLS,L,L,S
S2,S,0.0,1.6666666666666667,2.0,1.2222222222222223,164.53,11366.0,3633.0,gemini,LLS,L,L,S
S3,S,2.0,2.0,2.0,2.0,81.12,12260.0,1665.0,gemini,LLS,L,L,S
S4,S,1.0,2.0,1.6666666666666667,1.5555555555555556,83.18,14103.0,1431.0,gemini,LLS,L,L,S
S5,S,0.6666666666666666,2.0,2.0,1.5555555555555554,40.9,11420.0,803.0,gemini,LLS,L,L,S
S6,S,2.0,2.0,2.0,2.0,31.04,11067.0,1380.0,gemini,LLS,L,L,S
S7,S,0.6666666666666666,1.6666666666666667,2.0,1.4444444444444446,115.73,11910.0,1599.0,gemini,LLS,L,L,S
S8,S,2.0,2.0,2.0,2.0,121.01,11989.0,1444.0,gemini,LLS,L,L,S
S9,S,0.6666666666666666,2.0,2.0,1.5555555555555554,251.23,11053.0,774.0,gemini,LLS,L,L,S
S10,S,2.0,2.0,2.0,2.0,236.38,11085.0,957.0,gemini,LLS,L,L,S
NS1,NS,1.3333333333333333,2.0,2.0,1.7777777777777777,12.34,11004.0,1054.0,gemini,LLS,L,L,S
NS2,NS,1.6666666666666667,1.6666666666666667,1.6666666666666667,1.6666666666666667,14.91,11168.0,759.0,gemini,LLS,L,L,S
NS3,NS,2.0,1.6666666666666667,2.0,1.888888888888889,17.71,11045.0,1475.0,gemini,LLS,L,L,S
NS4,NS,1.0,1.3333333333333333,1.6666666666666667,1.3333333333333333,46.89,11748.0,842.0,gemini,LLS,L,L,S
NS5,NS,1.6666666666666667,2.0,2.0,1.888888888888889,141.65,10464.0,676.0,gemini,LLS,L,L,S
NS6,NS,1.3333333333333333,1.6666666666666667,2.0,1.6666666666666667,139.47,11021.0,598.0,gemini,LLS,L,L,S
NS7,NS,1.3333333333333333,1.6666666666666667,1.3333333333333333,1.4444444444444444,119.07,11588.0,1059.0,gemini,LLS,L,L,S
NS8,NS,2.0,2.0,2.0,2.0,19.33,10839.0,1254.0,gemini,LLS,L,L,S
NS9,NS,2.0,1.6666666666666667,1.6666666666666667,1.777777777777778,115.02,10620.0,1052.0,gemini,LLS,L,L,S
NS10,NS,1.6666666666666667,1.6666666666666667,1.6666666666666667,1.6666666666666667,79.43,11164.0,909.0,gemini,LLS,L,L,S
H1,H,2.0,1.3333333333333333,1.6666666666666667,1.6666666666666667,80.48,16634.0,2121.0,gemini,LLS,L,L,S
H2,H,2.0,1.3333333333333333,2.0,1.7777777777777777,37.24,14547.0,2410.0,gemini,LLS,L,L,S
H3,H,1.6666666666666667,1.6666666666666667,2.0,1.777777777777778,61.05,13092.0,1707.0,gemini,LLS,L,L,S
H4,H,1.0,1.6666666666666667,2.0,1.5555555555555556,60.31,13491.0,2043.0,gemini,LLS,L,L,S
H5,H,1.3333333333333333,1.6666666666666667,2.0,1.6666666666666667,18.41,12517.0,1539.0,gemini,LLS,L,L,S
H6,H,0.6666666666666666,1.3333333333333333,1.6666666666666667,1.2222222222222223,19.16,15785.0,1362.0,gemini,LLS,L,L,S
H7,H,1.6666666666666667,2.0,2.0,1.888888888888889,261.83,12781.0,1103.0,gemini,LLS,L,L,S
H8,H,2.0,1.6666666666666667,2.0,1.888888888888889,51.97,13568.0,2418.0,gemini,LLS,L,L,S
H9,H,0.6666666666666666,0.6666666666666666,2.0,1.111111111111111,29.58,13891.0,1664.0,gemini,LLS,L,L,S
H10,H,1.6666666666666667,1.6666666666666667,2.0,1.777777777777778,191.86,15648.0,2121.0,gemini,LLS,L,L,S
S1,S,1.0,2.0,2.0,1.6666666666666667,28.71,11413.0,1978.0,gemini,LSL,L,S,L
S2,S,1.0,1.3333333333333333,1.6666666666666667,1.3333333333333333,23.79,11188.0,1708.0,gemini,LSL,L,S,L
S3,S,2.0,2.0,2.0,2.0,27.69,12254.0,2375.0,gemini,LSL,L,S,L
S4,S,1.3333333333333333,2.0,2.0,1.7777777777777777,39.56,14100.0,2967.0,gemini,LSL,L,S,L
S5,S,0.6666666666666666,2.0,2.0,1.5555555555555554,25.13,11561.0,1615.0,gemini,LSL,L,S,L
S6,S,2.0,2.0,2.0,2.0,22.36,11074.0,2134.0,gemini,LSL,L,S,L
S7,S,1.0,1.6666666666666667,1.6666666666666667,1.4444444444444446,26.68,11891.0,2372.0,gemini,LSL,L,S,L
S8,S,2.0,2.0,2.0,2.0,28.3,11989.0,2905.0,gemini,LSL,L,S,L
S9,S,0.6666666666666666,2.0,1.6666666666666667,1.4444444444444444,22.45,11160.0,1474.0,gemini,LSL,L,S,L
S10,S,2.0,2.0,2.0,2.0,20.96,11086.0,1999.0,gemini,LSL,L,S,L
NS1,NS,1.6666666666666667,2.0,2.0,1.888888888888889,24.08,11004.0,2188.0,gemini,LSL,L,S,L
NS2,NS,0.0,2.0,1.0,1.0,20.1,11169.0,1413.0,gemini,LSL,L,S,L
NS3,NS,2.0,1.6666666666666667,2.0,1.888888888888889,33.51,11045.0,3763.0,gemini,LSL,L,S,L
NS4,NS,1.0,1.3333333333333333,2.0,1.4444444444444444,21.07,11748.0,1867.0,gemini,LSL,L,S,L
NS5,NS,1.6666666666666667,2.0,1.6666666666666667,1.777777777777778,22.52,10470.0,2343.0,gemini,LSL,L,S,L
NS6,NS,1.3333333333333333,2.0,2.0,1.7777777777777777,23.68,11021.0,1821.0,gemini,LSL,L,S,L
NS7,NS,1.3333333333333333,2.0,1.6666666666666667,1.6666666666666667,26.98,11588.0,1579.0,gemini,LSL,L,S,L
NS8,NS,2.0,2.0,2.0,2.0,32.44,10839.0,3261.0,gemini,LSL,L,S,L
NS9,NS,2.0,1.6666666666666667,1.6666666666666667,1.777777777777778,24.33,10620.0,2136.0,gemini,LSL,L,S,L
NS10,NS,2.0,1.6666666666666667,1.6666666666666667,1.777777777777778,34.74,11164.0,3906.0,gemini,LSL,L,S,L
H1,H,2.0,1.3333333333333333,2.0,1.7777777777777777,23.45,16243.0,2060.0,gemini,LSL,L,S,L
H2,H,1.6666666666666667,1.0,2.0,1.5555555555555556,27.97,12241.0,2869.0,gemini,LSL,L,S,L
H3,H,2.0,2.0,2.0,2.0,23.37,13077.0,2088.0,gemini,LSL,L,S,L
H4,H,1.0,1.3333333333333333,2.0,1.4444444444444444,31.92,13491.0,3071.0,gemini,LSL,L,S,L
H5,H,1.0,1.6666666666666667,2.0,1.5555555555555556,24.54,12592.0,2000.0,gemini,LSL,L,S,L
H6,H,0.6666666666666666,1.6666666666666667,2.0,1.4444444444444446,24.92,15785.0,1580.0,gemini,LSL,L,S,L
H7,H,2.0,2.0,2.0,2.0,20.62,12781.0,1766.0,gemini,LSL,L,S,L
H8,H,1.6666666666666667,2.0,2.0,1.888888888888889,23.49,13543.0,1870.0,gemini,LSL,L,S,L
H9,H,1.0,1.0,1.6666666666666667,1.2222222222222223,40.95,13860.0,2977.0,gemini,LSL,L,S,L
H10,H,1.3333333333333333,1.6666666666666667,2.0,1.6666666666666667,32.91,15650.0,3514.0,gemini,LSL,L,S,L
S1,S,1.0,2.0,2.0,1.6666666666666667,14.02,11413.0,815.0,gemini,LSS,L,S,S
S2,S,0.3333333333333333,2.0,2.0,1.4444444444444446,15.07,11188.0,665.0,gemini,LSS,L,S,S
S3,S,2.0,2.0,2.0,2.0,14.58,12254.0,1174.0,gemini,LSS,L,S,S
S4,S,1.0,1.6666666666666667,1.6666666666666667,1.4444444444444446,13.61,14100.0,1048.0,gemini,LSS,L,S,S
S5,S,0.6666666666666666,2.0,2.0,1.5555555555555554,11.75,11561.0,527.0,gemini,LSS,L,S,S
S6,S,1.6666666666666667,2.0,2.0,1.888888888888889,11.74,11054.0,554.0,gemini,LSS,L,S,S
S7,S,0.3333333333333333,1.6666666666666667,1.6666666666666667,1.2222222222222223,14.64,11891.0,873.0,gemini,LSS,L,S,S
S8,S,2.0,2.0,2.0,2.0,16.17,11989.0,1221.0,gemini,LSS,L,S,S
S9,S,0.6666666666666666,2.0,2.0,1.5555555555555554,9.91,11160.0,652.0,gemini,LSS,L,S,S
S10,S,2.0,2.0,2.0,2.0,10.68,11076.0,614.0,gemini,LSS,L,S,S
NS1,NS,1.0,2.0,2.0,1.6666666666666667,11.19,11004.0,1054.0,gemini,LSS,L,S,S
NS2,NS,1.6666666666666667,1.6666666666666667,1.6666666666666667,1.6666666666666667,8.93,11168.0,749.0,gemini,LSS,L,S,S
NS3,NS,2.0,2.0,2.0,2.0,12.26,10909.0,1447.0,gemini,LSS,L,S,S
NS4,NS,1.0,0.6666666666666666,2.0,1.222222222222222,10.77,11748.0,955.0,gemini,LSS,L,S,S
NS5,NS,1.6666666666666667,1.6666666666666667,2.0,1.777777777777778,7.79,10464.0,658.0,gemini,LSS,L,S,S
NS6,NS,1.0,1.6666666666666667,1.6666666666666667,1.4444444444444446,8.65,11021.0,589.0,gemini,LSS,L,S,S
NS7,NS,1.3333333333333333,1.6666666666666667,1.3333333333333333,1.4444444444444444,11.08,11588.0,1169.0,gemini,LSS,L,S,S
NS8,NS,2.0,2.0,2.0,2.0,9.28,10839.0,1105.0,gemini,LSS,L,S,S
NS9,NS,2.0,1.6666666666666667,2.0,1.888888888888889,10.42,10620.0,950.0,gemini,LSS,L,S,S
NS10,NS,2.0,2.0,1.6666666666666667,1.888888888888889,9.44,11164.0,937.0,gemini,LSS,L,S,S
H1,H,1.6666666666666667,1.3333333333333333,1.6666666666666667,1.5555555555555556,12.38,16243.0,1178.0,gemini,LSS,L,S,S
H2,H,1.6666666666666667,1.3333333333333333,2.0,1.6666666666666667,11.1,12241.0,1081.0,gemini,LSS,L,S,S
H3,H,2.0,1.6666666666666667,2.0,1.888888888888889,18.06,13077.0,1292.0,gemini,LSS,L,S,S
H4,H,1.3333333333333333,1.6666666666666667,2.0,1.6666666666666667,18.12,13491.0,1507.0,gemini,LSS,L,S,S
H5,H,1.6666666666666667,1.6666666666666667,2.0,1.777777777777778,13.09,12517.0,889.0,gemini,LSS,L,S,S
H6,H,0.6666666666666666,1.6666666666666667,2.0,1.4444444444444446,13.68,15785.0,965.0,gemini,LSS,L,S,S
H7,H,1.6666666666666667,2.0,2.0,1.888888888888889,10.69,12781.0,992.0,gemini,LSS,L,S,S
H8,H,2.0,1.6666666666666667,2.0,1.888888888888889,13.57,13544.0,1158.0,gemini,LSS,L,S,S
H9,H,1.0,1.0,1.3333333333333333,1.111111111111111,13.95,13860.0,1142.0,gemini,LSS,L,S,S
H10,H,1.3333333333333333,2.0,2.0,1.7777777777777777,16.47,15650.0,1753.0,gemini,LSS,L,S,S
S1,S,1.0,2.0,2.0,1.6666666666666667,26.48,11428.0,2157.0,gemini,SLL,S,L,L
S2,S,1.0,2.0,2.0,1.6666666666666667,35.63,11358.0,3540.0,gemini,SLL,S,L,L
S3,S,2.0,2.0,2.0,2.0,27.2,12260.0,2451.0,gemini,SLL,S,L,L
S4,S,1.6666666666666667,2.0,2.0,1.888888888888889,42.22,14103.0,3608.0,gemini,SLL,S,L,L
S5,S,0.6666666666666666,1.6666666666666667,2.0,1.4444444444444446,34.81,11502.0,2106.0,gemini,SLL,S,L,L
S6,S,2.0,2.0,2.0,2.0,31.76,11069.0,2511.0,gemini,SLL,S,L,L
S7,S,2.0,2.0,2.0,2.0,34.85,10903.0,3153.0,gemini,SLL,S,L,L
S8,S,2.0,1.3333333333333333,1.6666666666666667,1.6666666666666667,31.4,14378.0,2793.0,gemini,SLL,S,L,L
S9,S,0.6666666666666666,2.0,2.0,1.5555555555555554,31.33,11134.0,1395.0,gemini,SLL,S,L,L
S10,S,2.0,2.0,2.0,2.0,25.35,11104.0,2569.0,gemini,SLL,S,L,L
NS1,NS,1.3333333333333333,2.0,2.0,1.7777777777777777,14.64,11003.0,1127.0,gemini,SLL,S,L,L
NS2,NS,1.6666666666666667,2.0,2.0,1.888888888888889,19.16,11168.0,2291.0,gemini,SLL,S,L,L
NS3,NS,2.0,2.0,2.0,2.0,25.74,10997.0,2865.0,gemini,SLL,S,L,L
NS4,NS,1.0,1.3333333333333333,2.0,1.4444444444444444,9.92,11748.0,718.0,gemini,SLL,S,L,L
NS5,NS,1.6666666666666667,1.6666666666666667,1.6666666666666667,1.6666666666666667,21.81,10469.0,2190.0,gemini,SLL,S,L,L
NS6,NS,1.3333333333333333,1.6666666666666667,2.0,1.6666666666666667,15.31,11022.0,1630.0,gemini,SLL,S,L,L
NS7,NS,1.6666666666666667,1.6666666666666667,2.0,1.777777777777778,11.62,11586.0,1034.0,gemini,SLL,S,L,L
NS8,NS,2.0,2.0,2.0,2.0,25.1,11312.0,2963.0,gemini,SLL,S,L,L
NS9,NS,2.0,1.6666666666666667,2.0,1.888888888888889,28.25,10620.0,1991.0,gemini,SLL,S,L,L
NS10,NS,2.0,1.6666666666666667,1.6666666666666667,1.777777777777778,21.86,11171.0,2473.0,gemini,SLL,S,L,L
H1,H,2.0,1.6666666666666667,1.6666666666666667,1.777777777777778,42.02,17123.0,3386.0,gemini,SLL,S,L,L
H2,H,1.0,1.6666666666666667,2.0,1.5555555555555556,40.11,12112.0,2716.0,gemini,SLL,S,L,L
H3,H,2.0,2.0,2.0,2.0,24.25,13090.0,2563.0,gemini,SLL,S,L,L
H4,H,1.0,1.3333333333333333,2.0,1.4444444444444444,30.9,13843.0,2931.0,gemini,SLL,S,L,L
H5,H,1.0,1.6666666666666667,2.0,1.5555555555555556,27.44,12585.0,2835.0,gemini,SLL,S,L,L
H6,H,0.6666666666666666,1.6666666666666667,2.0,1.4444444444444446,24.15,15543.0,2369.0,gemini,SLL,S,L,L
H7,H,2.0,2.0,2.0,2.0,24.52,12793.0,2306.0,gemini,SLL,S,L,L
H8,H,1.3333333333333333,2.0,2.0,1.7777777777777777,34.16,13563.0,2767.0,gemini,SLL,S,L,L
H9,H,1.0,1.3333333333333333,1.6666666666666667,1.3333333333333333,33.37,14184.0,3219.0,gemini,SLL,S,L,L
H10,H,0.6666666666666666,1.6666666666666667,1.6666666666666667,1.3333333333333333,26.57,13427.0,2761.0,gemini,SLL,S,L,L
S1,S,1.0,1.6666666666666667,2.0,1.5555555555555556,23.58,11428.0,924.0,gemini,SLS,S,L,S
S2,S,1.0,1.6666666666666667,1.6666666666666667,1.4444444444444446,23.26,11330.0,2056.0,gemini,SLS,S,L,S
S3,S,2.0,2.0,2.0,2.0,17.38,12256.0,1093.0,gemini,SLS,S,L,S
S4,S,1.0,2.0,1.6666666666666667,1.5555555555555556,14.67,14103.0,675.0,gemini,SLS,S,L,S
S5,S,0.6666666666666666,1.6666666666666667,2.0,1.4444444444444446,24.52,11502.0,1220.0,gemini,SLS,S,L,S
S6,S,1.6666666666666667,2.0,2.0,1.888888888888889,19.73,11069.0,1240.0,gemini,SLS,S,L,S
S7,S,1.6666666666666667,2.0,2.0,1.888888888888889,17.57,10903.0,1203.0,gemini,SLS,S,L,S
S8,S,2.0,1.0,2.0,1.6666666666666667,15.22,14378.0,1087.0,gemini,SLS,S,L,S
S9,S,0.6666666666666666,2.0,2.0,1.5555555555555554,9.86,11051.0,441.0,gemini,SLS,S,L,S
S10,S,2.0,2.0,2.0,2.0,11.16,11104.0,1066.0,gemini,SLS,S,L,S
NS1,NS,1.0,2.0,2.0,1.6666666666666667,5.92,11003.0,599.0,gemini,SLS,S,L,S
NS2,NS,1.6666666666666667,1.6666666666666667,1.6666666666666667,1.6666666666666667,5.87,11168.0,559.0,gemini,SLS,S,L,S
NS3,NS,2.0,2.0,2.0,2.0,6.83,10997.0,750.0,gemini,SLS,S,L,S
NS4,NS,1.0,1.3333333333333333,2.0,1.4444444444444444,7.21,11748.0,283.0,gemini,SLS,S,L,S
NS5,NS,1.6666666666666667,1.6666666666666667,1.6666666666666667,1.6666666666666667,4.95,10469.0,470.0,gemini,SLS,S,L,S
NS6,NS,1.3333333333333333,1.6666666666666667,2.0,1.6666666666666667,7.85,11022.0,403.0,gemini,SLS,S,L,S
NS7,NS,1.6666666666666667,1.6666666666666667,1.6666666666666667,1.6666666666666667,4.94,11586.0,624.0,gemini,SLS,S,L,S
NS8,NS,2.0,2.0,2.0,2.0,6.44,11312.0,796.0,gemini,SLS,S,L,S
NS9,NS,2.0,1.6666666666666667,1.6666666666666667,1.777777777777778,5.97,10620.0,571.0,gemini,SLS,S,L,S
NS10,NS,1.6666666666666667,2.0,1.6666666666666667,1.777777777777778,5.73,11171.0,735.0,gemini,SLS,S,L,S
H1,H,2.0,1.6666666666666667,1.6666666666666667,1.777777777777778,21.81,17694.0,1957.0,gemini,SLS,S,L,S
H2,H,1.0,1.6666666666666667,2.0,1.5555555555555556,9.18,12112.0,896.0,gemini,SLS,S,L,S
H3,H,1.6666666666666667,2.0,2.0,1.888888888888889,11.85,13090.0,1339.0,gemini,SLS,S,L,S
H4,H,1.0,1.6666666666666667,1.6666666666666667,1.4444444444444446,18.83,13843.0,1533.0,gemini,SLS,S,L,S
H5,H,1.3333333333333333,1.6666666666666667,2.0,1.6666666666666667,12.72,12585.0,1491.0,gemini,SLS,S,L,S
H6,H,0.6666666666666666,1.6666666666666667,1.6666666666666667,1.3333333333333333,16.84,15543.0,1601.0,gemini,SLS,S,L,S
H7,H,2.0,2.0,2.0,2.0,12.53,12793.0,1030.0,gemini,SLS,S,L,S
H8,H,1.6666666666666667,1.6666666666666667,2.0,1.777777777777778,16.04,13563.0,1725.0,gemini,SLS,S,L,S
H9,H,1.0,1.0,1.3333333333333333,1.111111111111111,24.45,14184.0,1796.0,gemini,SLS,S,L,S
H10,H,0.6666666666666666,1.6666666666666667,1.6666666666666667,1.3333333333333333,9.72,13427.0,899.0,gemini,SLS,S,L,S
S1,S,1.0,2.0,2.0,1.6666666666666667,44.26,11415.0,1501.0,gemini,SSL,S,S,L
S2,S,1.0,2.0,2.0,1.6666666666666667,26.51,11350.0,2213.0,gemini,SSL,S,S,L
S3,S,2.0,2.0,2.0,2.0,40.62,12254.0,2044.0,gemini,SSL,S,S,L
S4,S,1.0,2.0,2.0,1.6666666666666667,31.56,14100.0,3168.0,gemini,SSL,S,S,L
S5,S,0.6666666666666666,1.3333333333333333,1.6666666666666667,1.2222222222222223,21.24,11599.0,1625.0,gemini,SSL,S,S,L
S6,S,2.0,2.0,1.6666666666666667,1.888888888888889,20.42,11056.0,1603.0,gemini,SSL,S,S,L
S7,S,1.6666666666666667,2.0,2.0,1.888888888888889,30.88,10867.0,2350.0,gemini,SSL,S,S,L
S8,S,2.0,1.3333333333333333,2.0,1.7777777777777777,26.43,14378.0,1927.0,gemini,SSL,S,S,L
S9,S,1.0,2.0,2.0,1.6666666666666667,13.44,11158.0,1148.0,gemini,SSL,S,S,L
S10,S,2.0,2.0,2.0,2.0,19.46,11079.0,1859.0,gemini,SSL,S,S,L
NS1,NS,1.6666666666666667,2.0,2.0,1.888888888888889,16.51,11003.0,1615.0,gemini,SSL,S,S,L
NS2,NS,0.0,2.0,0.6666666666666666,0.8888888888888888,13.48,11168.0,646.0,gemini,SSL,S,S,L
NS3,NS,2.0,1.6666666666666667,2.0,1.888888888888889,26.29,10997.0,2818.0,gemini,SSL,S,S,L
NS4,NS,1.0,1.6666666666666667,1.6666666666666667,1.4444444444444446,20.05,11748.0,1120.0,gemini,SSL,S,S,L
NS5,NS,1.6666666666666667,1.6666666666666667,2.0,1.777777777777778,19.28,10469.0,1979.0,gemini,SSL,S,S,L
NS6,NS,1.3333333333333333,1.6666666666666667,2.0,1.6666666666666667,16.34,11022.0,1616.0,gemini,SSL,S,S,L
NS7,NS,1.6666666666666667,2.0,2.0,1.888888888888889,12.75,11586.0,1042.0,gemini,SSL,S,S,L
NS8,NS,2.0,2.0,2.0,2.0,26.25,11312.0,2942.0,gemini,SSL,S,S,L
NS9,NS,2.0,2.0,1.6666666666666667,1.888888888888889,20.75,10620.0,2012.0,gemini,SSL,S,S,L
NS10,NS,2.0,1.6666666666666667,1.6666666666666667,1.777777777777778,25.12,11171.0,2569.0,gemini,SSL,S,S,L
H1,H,2.0,1.6666666666666667,2.0,1.888888888888889,26.8,17124.0,2556.0,gemini,SSL,S,S,L
H2,H,1.3333333333333333,1.0,2.0,1.4444444444444444,30.81,12296.0,2840.0,gemini,SSL,S,S,L
H3,H,2.0,2.0,2.0,2.0,20.76,13075.0,2122.0,gemini,SSL,S,S,L
H4,H,1.0,1.3333333333333333,2.0,1.4444444444444444,20.55,13830.0,2113.0,gemini,SSL,S,S,L
H5,H,1.3333333333333333,1.6666666666666667,2.0,1.6666666666666667,23.63,12538.0,2110.0,gemini,SSL,S,S,L
H6,H,0.3333333333333333,1.6666666666666667,2.0,1.3333333333333333,21.1,15523.0,1213.0,gemini,SSL,S,S,L
H7,H,1.6666666666666667,2.0,2.0,1.888888888888889,25.8,12788.0,1940.0,gemini,SSL,S,S,L
H8,H,1.3333333333333333,1.6666666666666667,1.6666666666666667,1.5555555555555556,18.64,13560.0,1722.0,gemini,SSL,S,S,L
H9,H,1.0,1.3333333333333333,1.6666666666666667,1.3333333333333333,26.33,14184.0,2232.0,gemini,SSL,S,S,L
H10,H,0.6666666666666666,1.6666666666666667,2.0,1.4444444444444446,25.39,13427.0,2225.0,gemini,SSL,S,S,L
S1,S,0.6666666666666666,2.0,2.0,1.5555555555555554,49.46,11217.0,4485.0,qwen,LLL,L,L,L
S2,S,1.0,1.6666666666666667,1.6666666666666667,1.4444444444444446,90.55,13069.0,4020.0,qwen,LLL,L,L,L
S3,S,2.0,2.0,2.0,2.0,153.94,12248.0,3978.0,qwen,LLL,L,L,L
S4,S,1.0,2.0,1.6666666666666667,1.5555555555555556,71.17,11578.0,4033.0,qwen,LLL,L,L,L
S5,S,0.3333333333333333,1.6666666666666667,2.0,1.3333333333333333,52.55,11354.0,4108.0,qwen,LLL,L,L,L
S6,S,2.0,2.0,2.0,2.0,117.56,10919.0,5912.0,qwen,LLL,L,L,L
S7,S,1.0,1.6666666666666667,1.6666666666666667,1.4444444444444446,75.19,12545.0,2132.0,qwen,LLL,L,L,L
S8,S,2.0,1.6666666666666667,1.6666666666666667,1.777777777777778,44.11,14033.0,2632.0,qwen,LLL,L,L,L
S9,S,0.6666666666666666,2.0,2.0,1.5555555555555554,103.8,10988.0,3678.0,qwen,LLL,L,L,L
S10,S,2.0,2.0,2.0,2.0,218.03,10910.0,7070.0,qwen,LLL,L,L,L
NS1,NS,1.0,2.0,2.0,1.6666666666666667,16.92,10808.0,3147.0,qwen,LLL,L,L,L
NS2,NS,1.6666666666666667,2.0,2.0,1.888888888888889,168.62,11293.0,3464.0,qwen,LLL,L,L,L
NS3,NS,2.0,2.0,2.0,2.0,41.35,12467.0,1962.0,qwen,LLL,L,L,L
NS4,NS,1.0,2.0,1.6666666666666667,1.5555555555555556,33.7,11588.0,3275.0,qwen,LLL,L,L,L
NS5,NS,1.6666666666666667,2.0,2.0,1.888888888888889,34.79,10331.0,3019.0,qwen,LLL,L,L,L
NS6,NS,0.0,2.0,0.3333333333333333,0.7777777777777778,47.49,9278.0,1522.0,qwen,LLL,L,L,L
NS7,NS,1.0,1.6666666666666667,2.0,1.5555555555555556,73.94,11552.0,3314.0,qwen,LLL,L,L,L
NS8,NS,2.0,2.0,2.0,2.0,163.54,10978.0,3540.0,qwen,LLL,L,L,L
NS9,NS,2.0,1.6666666666666667,2.0,1.888888888888889,156.89,10957.0,3718.0,qwen,LLL,L,L,L
NS10,NS,1.6666666666666667,1.6666666666666667,1.6666666666666667,1.6666666666666667,37.01,11017.0,3992.0,qwen,LLL,L,L,L
H1,H,2.0,1.6666666666666667,2.0,1.888888888888889,41.1,17137.0,2947.0,qwen,LLL,L,L,L
H2,H,2.0,1.0,2.0,1.6666666666666667,89.85,15189.0,2534.0,qwen,LLL,L,L,L
H3,H,1.0,2.0,1.6666666666666667,1.5555555555555556,57.12,12970.0,6695.0,qwen,LLL,L,L,L
H4,H,1.6666666666666667,1.0,2.0,1.5555555555555556,60.02,15204.0,2922.0,qwen,LLL,L,L,L
H5,H,1.0,1.6666666666666667,1.6666666666666667,1.4444444444444446,108.89,12297.0,3283.0,qwen,LLL,L,L,L
H6,H,0.6666666666666666,1.6666666666666667,2.0,1.4444444444444446,32.15,15351.0,1797.0,qwen,LLL,L,L,L
H7,H,2.0,1.6666666666666667,2.0,1.888888888888889,45.36,12528.0,3429.0,qwen,LLL,L,L,L
H8,H,2.0,1.3333333333333333,2.0,1.7777777777777777,62.95,13116.0,2300.0,qwen,LLL,L,L,L
H9,H,1.0,1.3333333333333333,1.6666666666666667,1.3333333333333333,29.69,14081.0,2352.0,qwen,LLL,L,L,L
H10,H,2.0,1.6666666666666667,2.0,1.888888888888889,45.25,17089.0,2561.0,qwen,LLL,L,L,L
S1,S,1.0,2.0,2.0,1.6666666666666667,20.32,11142.0,2498.0,qwen,SSS,S,S,S
S2,S,0.6666666666666666,2.0,2.0,1.5555555555555554,30.02,11037.0,3711.0,qwen,SSS,S,S,S
S3,S,2.0,2.0,2.0,2.0,54.52,12223.0,3400.0,qwen,SSS,S,S,S
S4,S,1.3333333333333333,1.3333333333333333,2.0,1.5555555555555554,43.9,13760.0,3806.0,qwen,SSS,S,S,S
S5,S,0.6666666666666666,1.6666666666666667,2.0,1.4444444444444446,21.27,11352.0,2705.0,qwen,SSS,S,S,S
S6,S,2.0,2.0,2.0,2.0,21.47,11007.0,2899.0,qwen,SSS,S,S,S
S7,S,0.6666666666666666,1.3333333333333333,1.6666666666666667,1.2222222222222223,23.99,12548.0,2098.0,qwen,SSS,S,S,S
S8,S,2.0,2.0,2.0,2.0,19.98,11827.0,3575.0,qwen,SSS,S,S,S
S9,S,0.6666666666666666,2.0,2.0,1.5555555555555554,36.12,11008.0,2367.0,qwen,SSS,S,S,S
S10,S,2.0,2.0,2.0,2.0,25.44,11039.0,2906.0,qwen,SSS,S,S,S
NS1,NS,1.3333333333333333,2.0,2.0,1.7777777777777777,15.46,11093.0,2511.0,qwen,SSS,S,S,S
NS2,NS,1.3333333333333333,2.0,2.0,1.7777777777777777,12.44,11384.0,1729.0,qwen,SSS,S,S,S
NS3,NS,1.0,1.6666666666666667,2.0,1.5555555555555556,15.65,10508.0,2757.0,qwen,SSS,S,S,S
NS4,NS,1.0,1.0,1.3333333333333333,1.111111111111111,8.5,11603.0,1044.0,qwen,SSS,S,S,S
NS5,NS,1.6666666666666667,1.6666666666666667,1.6666666666666667,1.6666666666666667,46.65,10331.0,4290.0,qwen,SSS,S,S,S
NS6,NS,0.0,1.6666666666666667,0.6666666666666666,0.7777777777777778,19.95,9278.0,2060.0,qwen,SSS,S,S,S
NS7,NS,1.6666666666666667,1.0,1.3333333333333333,1.3333333333333333,26.41,28051.0,2594.0,qwen,SSS,S,S,S
NS8,NS,0.6666666666666666,0.6666666666666666,2.0,1.111111111111111,34.98,10954.0,2769.0,qwen,SSS,S,S,S
NS9,NS,2.0,1.6666666666666667,2.0,1.888888888888889,41.06,10967.0,3529.0,qwen,SSS,S,S,S
NS10,NS,2.0,1.6666666666666667,2.0,1.888888888888889,14.16,11026.0,2163.0,qwen,SSS,S,S,S
H1,H,1.6666666666666667,0.6666666666666666,1.0,1.1111111111111112,53.98,73764.0,3614.0,qwen,SSS,S,S,S
H2,H,2.0,1.6666666666666667,2.0,1.888888888888889,17.54,15185.0,3242.0,qwen,SSS,S,S,S
H3,H,1.0,2.0,1.6666666666666667,1.5555555555555556,28.38,11497.0,2790.0,qwen,SSS,S,S,S
H4,H,1.6666666666666667,1.6666666666666667,1.6666666666666667,1.6666666666666667,14.84,16737.0,2203.0,qwen,SSS,S,S,S
H5,H,1.0,1.6666666666666667,2.0,1.5555555555555556,36.86,14145.0,3801.0,qwen,SSS,S,S,S
H6,H,1.0,1.6666666666666667,2.0,1.5555555555555556,16.9,15465.0,2153.0,qwen,SSS,S,S,S
H7,H,1.3333333333333333,1.3333333333333333,2.0,1.5555555555555554,64.98,12710.0,5964.0,qwen,SSS,S,S,S
H8,H,2.0,1.3333333333333333,1.6666666666666667,1.6666666666666667,22.34,13254.0,1978.0,qwen,SSS,S,S,S
H9,H,1.3333333333333333,1.6666666666666667,1.6666666666666667,1.5555555555555556,26.3,13803.0,2219.0,qwen,SSS,S,S,S
H10,H,2.0,2.0,2.0,2.0,18.78,17375.0,2467.0,qwen,SSS,S,S,S
S1,S,0.6666666666666666,2.0,2.0,1.5555555555555554,28.65,11216.0,2566.0,qwen,LLS,L,L,S
S2,S,1.0,1.6666666666666667,1.6666666666666667,1.4444444444444446,86.88,11508.0,5512.0,qwen,LLS,L,L,S
S3,S,2.0,2.0,1.6666666666666667,1.888888888888889,35.64,12248.0,1888.0,qwen,LLS,L,L,S
S4,S,1.3333333333333333,1.6666666666666667,2.0,1.6666666666666667,42.71,13754.0,3687.0,qwen,LLS,L,L,S
S5,S,0.6666666666666666,2.0,2.0,1.5555555555555554,56.73,11358.0,5778.0,qwen,LLS,L,L,S
S6,S,1.6666666666666667,2.0,2.0,1.888888888888889,48.33,10900.0,3373.0,qwen,LLS,L,L,S
S7,S,0.6666666666666666,2.0,2.0,1.5555555555555554,76.14,11801.0,6305.0,qwen,LLS,L,L,S
S8,S,2.0,1.3333333333333333,2.0,1.7777777777777777,38.18,14029.0,2574.0,qwen,LLS,L,L,S
S9,S,0.6666666666666666,2.0,2.0,1.5555555555555554,80.53,10988.0,4977.0,qwen,LLS,L,L,S
S10,S,2.0,2.0,2.0,2.0,43.84,10937.0,5290.0,qwen,LLS,L,L,S
NS1,NS,1.6666666666666667,2.0,2.0,1.888888888888889,27.19,10808.0,3387.0,qwen,LLS,L,L,S
NS2,NS,1.6666666666666667,1.6666666666666667,2.0,1.777777777777778,38.9,11293.0,2870.0,qwen,LLS,L,L,S
NS3,NS,2.0,2.0,2.0,2.0,29.36,10854.0,3738.0,qwen,LLS,L,L,S
NS4,NS,1.0,2.0,2.0,1.6666666666666667,47.57,11588.0,3708.0,qwen,LLS,L,L,S
NS5,NS,1.6666666666666667,2.0,1.6666666666666667,1.777777777777778,24.94,10332.0,3432.0,qwen,LLS,L,L,S
NS6,NS,0.0,2.0,0.6666666666666666,0.8888888888888888,16.52,9278.0,2015.0,qwen,LLS,L,L,S
NS7,NS,1.6666666666666667,1.3333333333333333,2.0,1.6666666666666667,14.09,13357.0,2008.0,qwen,LLS,L,L,S
NS8,NS,2.0,1.6666666666666667,2.0,1.888888888888889,24.66,10970.0,2993.0,qwen,LLS,L,L,S
NS9,NS,2.0,1.6666666666666667,2.0,1.888888888888889,58.31,10964.0,4677.0,qwen,LLS,L,L,S
NS10,NS,2.0,1.6666666666666667,2.0,1.888888888888889,29.56,11017.0,1834.0,qwen,LLS,L,L,S
H1,H,2.0,1.6666666666666667,2.0,1.888888888888889,50.65,17085.0,2977.0,qwen,LLS,L,L,S
H2,H,2.0,1.6666666666666667,2.0,1.888888888888889,53.85,15189.0,3397.0,qwen,LLS,L,L,S
H3,H,1.0,2.0,2.0,1.6666666666666667,27.77,11259.0,3031.0,qwen,LLS,L,L,S
H4,H,1.0,1.0,1.6666666666666667,1.2222222222222223,32.98,15163.0,2654.0,qwen,LLS,L,L,S
H5,H,1.0,1.6666666666666667,2.0,1.5555555555555556,28.56,12341.0,3299.0,qwen,LLS,L,L,S
H6,H,1.0,1.6666666666666667,2.0,1.5555555555555556,38.64,15244.0,2369.0,qwen,LLS,L,L,S
H7,H,2.0,1.6666666666666667,2.0,1.888888888888889,88.71,12524.0,4868.0,qwen,LLS,L,L,S
H8,H,1.6666666666666667,1.6666666666666667,2.0,1.777777777777778,24.15,13251.0,2261.0,qwen,LLS,L,L,S
H9,H,1.0,1.3333333333333333,1.6666666666666667,1.3333333333333333,27.3,13940.0,2011.0,qwen,LLS,L,L,S
H10,H,1.3333333333333333,1.6666666666666667,2.0,1.6666666666666667,41.16,16575.0,3536.0,qwen,LLS,L,L,S
S1,S,0.3333333333333333,2.0,2.0,1.4444444444444446,67.49,11208.0,3506.0,qwen,LSL,L,S,L
S2,S,0.6666666666666666,1.3333333333333333,2.0,1.3333333333333333,78.62,11475.0,3790.0,qwen,LSL,L,S,L
S3,S,2.0,2.0,2.0,2.0,66.34,12250.0,3312.0,qwen,LSL,L,S,L
S4,S,1.3333333333333333,2.0,2.0,1.7777777777777777,85.73,13763.0,3778.0,qwen,LSL,L,S,L
S5,S,1.0,1.3333333333333333,2.0,1.4444444444444444,80.77,11352.0,2911.0,qwen,LSL,L,S,L
S6,S,1.3333333333333333,2.0,2.0,1.7777777777777777,60.53,10952.0,2385.0,qwen,LSL,L,S,L
S7,S,0.3333333333333333,1.6666666666666667,1.6666666666666667,1.2222222222222223,17.81,11807.0,1409.0,qwen,LSL,L,S,L
S8,S,2.0,1.6666666666666667,1.6666666666666667,1.777777777777778,35.8,13840.0,2193.0,qwen,LSL,L,S,L
S9,S,1.0,1.6666666666666667,2.0,1.5555555555555556,49.29,11017.0,2841.0,qwen,LSL,L,S,L
S10,S,2.0,2.0,2.0,2.0,22.45,10913.0,2419.0,qwen,LSL,L,S,L
NS1,NS,1.3333333333333333,2.0,2.0,1.7777777777777777,70.33,10808.0,2896.0,qwen,LSL,L,S,L
NS2,NS,1.0,2.0,1.6666666666666667,1.5555555555555556,23.46,11293.0,2823.0,qwen,LSL,L,S,L
NS3,NS,2.0,2.0,2.0,2.0,72.59,10854.0,3781.0,qwen,LSL,L,S,L
NS4,NS,1.0,2.0,2.0,1.6666666666666667,39.29,11408.0,3708.0,qwen,LSL,L,S,L
NS5,NS,1.6666666666666667,1.6666666666666667,1.6666666666666667,1.6666666666666667,30.72,10331.0,2868.0,qwen,LSL,L,S,L
NS6,NS,0.0,2.0,0.6666666666666666,0.8888888888888888,32.94,9277.0,1396.0,qwen,LSL,L,S,L
NS7,NS,1.6666666666666667,1.6666666666666667,2.0,1.777777777777778,58.07,13485.0,2573.0,qwen,LSL,L,S,L
NS8,NS,2.0,1.6666666666666667,2.0,1.888888888888889,40.15,10800.0,4284.0,qwen,LSL,L,S,L
NS9,NS,2.0,1.6666666666666667,2.0,1.888888888888889,35.66,10957.0,2102.0,qwen,LSL,L,S,L
NS10,NS,2.0,1.6666666666666667,2.0,1.888888888888889,95.43,11022.0,4795.0,qwen,LSL,L,S,L
H1,H,2.0,1.3333333333333333,2.0,1.7777777777777777,61.97,34691.0,3995.0,qwen,LSL,L,S,L
H2,H,2.0,1.6666666666666667,2.0,1.888888888888889,37.23,14935.0,2916.0,qwen,LSL,L,S,L
H3,H,1.3333333333333333,2.0,2.0,1.7777777777777777,47.71,11257.0,3760.0,qwen,LSL,L,S,L
H4,H,1.0,0.6666666666666666,1.3333333333333333,1.0,98.38,14399.0,2928.0,qwen,LSL,L,S,L
H5,H,1.0,1.6666666666666667,2.0,1.5555555555555556,25.89,12336.0,1699.0,qwen,LSL,L,S,L
H6,H,0.6666666666666666,1.6666666666666667,2.0,1.4444444444444446,36.43,15107.0,3310.0,qwen,LSL,L,S,L
H7,H,1.6666666666666667,1.6666666666666667,2.0,1.777777777777778,29.78,12708.0,2328.0,qwen,LSL,L,S,L
H8,H,2.0,1.6666666666666667,2.0,1.888888888888889,41.23,13252.0,2293.0,qwen,LSL,L,S,L
H9,H,1.0,1.6666666666666667,1.6666666666666667,1.4444444444444446,19.24,14142.0,2199.0,qwen,LSL,L,S,L
H10,H,2.0,1.6666666666666667,2.0,1.888888888888889,41.77,16758.0,2457.0,qwen,LSL,L,S,L
S3,S,2.0,2.0,2.0,2.0,26.42,12250.0,1824.0,qwen,LSS,L,S,S
S6,S,2.0,2.0,2.0,2.0,33.25,10946.0,2742.0,qwen,LSS,L,S,S
S5,S,0.6666666666666666,2.0,2.0,1.5555555555555554,32.77,11352.0,3485.0,qwen,LSS,L,S,S
S8,S,2.0,2.0,2.0,2.0,37.14,11811.0,3053.0,qwen,LSS,L,S,S
S7,S,1.0,1.3333333333333333,1.6666666666666667,1.3333333333333333,27.55,12524.0,2129.0,qwen,LSS,L,S,S
S1,S,0.6666666666666666,2.0,2.0,1.5555555555555554,39.43,11208.0,2778.0,qwen,LSS,L,S,S
S9,S,0.6666666666666666,2.0,2.0,1.5555555555555554,17.39,11017.0,2008.0,qwen,LSS,L,S,S
S2,S,0.6666666666666666,2.0,1.6666666666666667,1.4444444444444444,66.97,11439.0,5357.0,qwen,LSS,L,S,S
NS2,NS,1.3333333333333333,2.0,1.6666666666666667,1.6666666666666667,31.62,11293.0,4239.0,qwen,LSS,L,S,S
S10,S,2.0,2.0,2.0,2.0,32.14,10919.0,3108.0,qwen,LSS,L,S,S
NS3,NS,2.0,1.6666666666666667,2.0,1.888888888888889,38.05,12707.0,2479.0,qwen,LSS,L,S,S
NS1,NS,1.3333333333333333,2.0,2.0,1.7777777777777777,58.73,10808.0,4060.0,qwen,LSS,L,S,S
NS6,NS,0.0,2.0,0.6666666666666666,0.8888888888888888,22.22,9277.0,1971.0,qwen,LSS,L,S,S
NS4,NS,1.0,2.0,2.0,1.6666666666666667,56.81,11588.0,3742.0,qwen,LSS,L,S,S
NS7,NS,1.3333333333333333,2.0,2.0,1.7777777777777777,41.63,11625.0,3229.0,qwen,LSS,L,S,S
NS8,NS,2.0,2.0,2.0,2.0,39.16,10970.0,3233.0,qwen,LSS,L,S,S
NS5,NS,1.6666666666666667,1.6666666666666667,1.6666666666666667,1.6666666666666667,58.28,10331.0,3948.0,qwen,LSS,L,S,S
NS9,NS,2.0,1.6666666666666667,2.0,1.888888888888889,32.92,10964.0,2340.0,qwen,LSS,L,S,S
NS10,NS,2.0,1.6666666666666667,1.6666666666666667,1.777777777777778,33.23,11017.0,2126.0,qwen,LSS,L,S,S
H1,H,1.6666666666666667,1.3333333333333333,2.0,1.6666666666666667,41.72,17288.0,3348.0,qwen,LSS,L,S,S
H2,H,2.0,1.3333333333333333,2.0,1.7777777777777777,44.28,14868.0,2354.0,qwen,LSS,L,S,S
H5,H,1.0,1.6666666666666667,1.6666666666666667,1.4444444444444446,27.27,12331.0,1773.0,qwen,LSS,L,S,S
H6,H,0.6666666666666666,1.3333333333333333,2.0,1.3333333333333333,27.07,15418.0,2238.0,qwen,LSS,L,S,S
H7,H,1.0,1.6666666666666667,2.0,1.5555555555555556,20.0,12502.0,2480.0,qwen,LSS,L,S,S
H4,H,1.0,1.3333333333333333,1.6666666666666667,1.3333333333333333,53.33,15212.0,5712.0,qwen,LSS,L,S,S
H8,H,2.0,1.6666666666666667,2.0,1.888888888888889,29.3,13233.0,2122.0,qwen,LSS,L,S,S
H3,H,1.3333333333333333,2.0,2.0,1.7777777777777777,72.61,11508.0,4823.0,qwen,LSS,L,S,S
H9,H,1.3333333333333333,1.3333333333333333,2.0,1.5555555555555554,18.55,14132.0,2078.0,qwen,LSS,L,S,S
H10,H,1.6666666666666667,1.3333333333333333,2.0,1.6666666666666667,42.85,16744.0,3060.0,qwen,LSS,L,S,S
S4,S,1.3333333333333333,2.0,2.0,1.7777777777777777,15.12,11678.0,1308.0,qwen,LSS,L,S,S
S1,S,0.6666666666666666,2.0,2.0,1.5555555555555554,124.62,11222.0,5119.0,qwen,SLL,S,L,L
S2,S,0.6666666666666666,1.6666666666666667,1.3333333333333333,1.2222222222222223,72.44,14740.0,3054.0,qwen,SLL,S,L,L
S3,S,2.0,2.0,2.0,2.0,30.51,12248.0,1800.0,qwen,SLL,S,L,L
S4,S,1.0,1.3333333333333333,1.6666666666666667,1.3333333333333333,108.75,13760.0,3209.0,qwen,SLL,S,L,L
S5,S,0.6666666666666666,1.3333333333333333,2.0,1.3333333333333333,90.7,11354.0,3783.0,qwen,SLL,S,L,L
S6,S,1.6666666666666667,2.0,2.0,1.888888888888889,72.73,10908.0,3687.0,qwen,SLL,S,L,L
S7,S,0.3333333333333333,1.3333333333333333,2.0,1.222222222222222,23.79,12836.0,1679.0,qwen,SLL,S,L,L
S8,S,2.0,2.0,2.0,2.0,48.2,11817.0,2965.0,qwen,SLL,S,L,L
S9,S,1.0,2.0,2.0,1.6666666666666667,88.55,10988.0,5914.0,qwen,SLL,S,L,L
S10,S,1.6666666666666667,2.0,2.0,1.888888888888889,51.75,10929.0,2934.0,qwen,SLL,S,L,L
NS1,NS,1.0,2.0,2.0,1.6666666666666667,133.41,10808.0,3164.0,qwen,SLL,S,L,L
NS2,NS,1.0,2.0,1.6666666666666667,1.5555555555555556,56.94,11372.0,3220.0,qwen,SLL,S,L,L
NS3,NS,1.3333333333333333,1.6666666666666667,2.0,1.6666666666666667,53.98,10513.0,3050.0,qwen,SLL,S,L,L
NS4,NS,1.0,2.0,2.0,1.6666666666666667,18.68,11928.0,2891.0,qwen,SLL,S,L,L
NS5,NS,1.6666666666666667,2.0,2.0,1.888888888888889,52.41,10329.0,2812.0,qwen,SLL,S,L,L
NS6,NS,0.0,2.0,0.6666666666666666,0.8888888888888888,25.71,9278.0,1526.0,qwen,SLL,S,L,L
NS7,NS,1.6666666666666667,2.0,2.0,1.888888888888889,141.84,11625.0,3205.0,qwen,SLL,S,L,L
NS8,NS,1.0,1.0,2.0,1.3333333333333333,45.7,10954.0,2601.0,qwen,SLL,S,L,L
NS9,NS,2.0,1.6666666666666667,2.0,1.888888888888889,62.19,11345.0,3597.0,qwen,SLL,S,L,L
NS10,NS,2.0,1.6666666666666667,2.0,1.888888888888889,16.98,11018.0,1777.0,qwen,SLL,S,L,L
H1,H,1.6666666666666667,1.6666666666666667,1.3333333333333333,1.5555555555555556,46.18,62724.0,3574.0,qwen,SLL,S,L,L
H2,H,2.0,2.0,2.0,2.0,35.0,17867.0,2539.0,qwen,SLL,S,L,L
H3,H,1.0,1.6666666666666667,1.6666666666666667,1.4444444444444446,63.36,11496.0,3638.0,qwen,SLL,S,L,L
H4,H,1.3333333333333333,1.3333333333333333,1.6666666666666667,1.4444444444444444,38.49,17372.0,3706.0,qwen,SLL,S,L,L
H5,H,1.0,1.6666666666666667,2.0,1.5555555555555556,19.78,12271.0,2787.0,qwen,SLL,S,L,L
H6,H,0.6666666666666666,1.3333333333333333,2.0,1.3333333333333333,43.85,15255.0,1905.0,qwen,SLL,S,L,L
H7,H,1.3333333333333333,1.6666666666666667,2.0,1.6666666666666667,47.37,12705.0,4083.0,qwen,SLL,S,L,L
H8,H,1.6666666666666667,2.0,2.0,1.888888888888889,62.88,13241.0,3752.0,qwen,SLL,S,L,L
H9,H,1.0,1.6666666666666667,2.0,1.5555555555555556,82.45,13725.0,2159.0,qwen,SLL,S,L,L
H10,H,1.3333333333333333,1.6666666666666667,1.6666666666666667,1.5555555555555556,98.67,16718.0,2315.0,qwen,SLL,S,L,L
S1,S,0.6666666666666666,2.0,2.0,1.5555555555555554,52.79,11211.0,5887.0,qwen,SLS,S,L,S
S2,S,0.3333333333333333,1.3333333333333333,2.0,1.222222222222222,43.47,11056.0,3747.0,qwen,SLS,S,L,S
S3,S,2.0,2.0,2.0,2.0,24.47,12249.0,1746.0,qwen,SLS,S,L,S
S4,S,1.0,1.6666666666666667,2.0,1.5555555555555556,34.44,13748.0,3640.0,qwen,SLS,S,L,S
S5,S,0.6666666666666666,1.6666666666666667,2.0,1.4444444444444446,40.2,11338.0,2522.0,qwen,SLS,S,L,S
S6,S,1.6666666666666667,2.0,2.0,1.888888888888889,48.5,10999.0,5076.0,qwen,SLS,S,L,S
S7,S,1.0,1.6666666666666667,1.6666666666666667,1.4444444444444446,17.01,11815.0,2064.0,qwen,SLS,S,L,S
S8,S,2.0,2.0,2.0,2.0,39.54,11805.0,2703.0,qwen,SLS,S,L,S
S9,S,0.6666666666666666,2.0,2.0,1.5555555555555554,47.81,10984.0,3638.0,qwen,SLS,S,L,S
S10,S,1.6666666666666667,2.0,2.0,1.888888888888889,37.69,10929.0,2971.0,qwen,SLS,S,L,S
NS1,NS,1.0,2.0,2.0,1.6666666666666667,33.58,11093.0,2269.0,qwen,SLS,S,L,S
NS2,NS,1.6666666666666667,2.0,2.0,1.888888888888889,23.14,11382.0,3582.0,qwen,SLS,S,L,S
NS3,NS,1.0,1.6666666666666667,1.6666666666666667,1.4444444444444446,39.47,10504.0,3492.0,qwen,SLS,S,L,S
NS4,NS,1.0,2.0,2.0,1.6666666666666667,21.77,11588.0,3259.0,qwen,SLS,S,L,S
NS5,NS,1.6666666666666667,1.6666666666666667,2.0,1.777777777777778,27.51,10332.0,2781.0,qwen,SLS,S,L,S
NS6,NS,0.0,2.0,0.6666666666666666,0.8888888888888888,19.9,9278.0,1658.0,qwen,SLS,S,L,S
NS7,NS,1.6666666666666667,1.3333333333333333,2.0,1.6666666666666667,45.7,21559.0,4076.0,qwen,SLS,S,L,S
NS8,NS,2.0,1.6666666666666667,2.0,1.888888888888889,21.57,10938.0,2289.0,qwen,SLS,S,L,S
NS9,NS,2.0,1.6666666666666667,2.0,1.888888888888889,19.39,10965.0,2239.0,qwen,SLS,S,L,S
NS10,NS,2.0,1.6666666666666667,2.0,1.888888888888889,14.89,11016.0,1847.0,qwen,SLS,S,L,S
H1,H,2.0,1.3333333333333333,2.0,1.7777777777777777,40.71,71501.0,4019.0,qwen,SLS,S,L,S
H2,H,2.0,2.0,2.0,2.0,44.07,12824.0,4026.0,qwen,SLS,S,L,S
H3,H,1.0,2.0,1.6666666666666667,1.5555555555555556,32.32,11502.0,3326.0,qwen,SLS,S,L,S
H4,H,1.0,1.6666666666666667,2.0,1.5555555555555556,57.24,15131.0,4832.0,qwen,SLS,S,L,S
H5,H,1.0,1.6666666666666667,2.0,1.5555555555555556,41.38,12277.0,2993.0,qwen,SLS,S,L,S
H6,H,1.0,1.6666666666666667,2.0,1.5555555555555556,17.44,15335.0,2261.0,qwen,SLS,S,L,S
H7,H,1.3333333333333333,1.3333333333333333,1.6666666666666667,1.4444444444444444,21.93,12707.0,1910.0,qwen,SLS,S,L,S
H8,H,2.0,1.6666666666666667,2.0,1.888888888888889,46.65,13260.0,3583.0,qwen,SLS,S,L,S
H9,H,1.0,1.0,2.0,1.3333333333333333,27.85,13803.0,2425.0,qwen,SLS,S,L,S
H10,H,1.6666666666666667,2.0,2.0,1.888888888888889,26.13,15687.0,2924.0,qwen,SLS,S,L,S
S1,S,0.6666666666666666,2.0,1.6666666666666667,1.4444444444444444,41.18,11208.0,2223.0,qwen,SSL,S,S,L
S2,S,1.0,1.6666666666666667,1.6666666666666667,1.4444444444444446,46.53,14428.0,3069.0,qwen,SSL,S,S,L
S3,S,2.0,2.0,2.0,2.0,36.74,12229.0,3314.0,qwen,SSL,S,S,L
S4,S,1.0,2.0,1.6666666666666667,1.5555555555555556,45.7,13746.0,3693.0,qwen,SSL,S,S,L
S5,S,0.6666666666666666,1.6666666666666667,2.0,1.4444444444444446,142.73,11352.0,2738.0,qwen,SSL,S,S,L
S6,S,1.3333333333333333,2.0,1.6666666666666667,1.6666666666666667,48.46,10956.0,4013.0,qwen,SSL,S,S,L
S7,S,0.3333333333333333,1.6666666666666667,2.0,1.3333333333333333,41.43,12537.0,4096.0,qwen,SSL,S,S,L
S8,S,2.0,2.0,2.0,2.0,48.84,11825.0,2711.0,qwen,SSL,S,S,L
S9,S,1.0,2.0,2.0,1.6666666666666667,34.22,10999.0,3110.0,qwen,SSL,S,S,L
S10,S,2.0,2.0,2.0,2.0,152.03,11033.0,3649.0,qwen,SSL,S,S,L
NS1,NS,1.0,2.0,2.0,1.6666666666666667,52.73,10808.0,2972.0,qwen,SSL,S,S,L
NS2,NS,1.3333333333333333,2.0,2.0,1.7777777777777777,44.26,11301.0,4059.0,qwen,SSL,S,S,L
NS3,NS,1.0,2.0,2.0,1.6666666666666667,62.36,10511.0,3279.0,qwen,SSL,S,S,L
NS4,NS,1.0,1.6666666666666667,2.0,1.5555555555555556,86.99,11668.0,5006.0,qwen,SSL,S,S,L
NS5,NS,1.6666666666666667,2.0,2.0,1.888888888888889,17.99,10337.0,2425.0,qwen,SSL,S,S,L
NS6,NS,0.0,2.0,0.6666666666666666,0.8888888888888888,36.09,9278.0,1884.0,qwen,SSL,S,S,L
NS7,NS,1.0,2.0,2.0,1.6666666666666667,172.37,11625.0,3961.0,qwen,SSL,S,S,L
NS8,NS,2.0,2.0,2.0,2.0,34.45,10896.0,2664.0,qwen,SSL,S,S,L
NS9,NS,2.0,2.0,2.0,2.0,60.49,10664.0,3469.0,qwen,SSL,S,S,L
NS10,NS,2.0,1.6666666666666667,1.6666666666666667,1.777777777777778,20.64,11024.0,2124.0,qwen,SSL,S,S,L
H1,H,1.3333333333333333,1.6666666666666667,1.6666666666666667,1.5555555555555556,37.71,61212.0,4032.0,qwen,SSL,S,S,L
H2,H,2.0,1.3333333333333333,2.0,1.7777777777777777,28.81,15221.0,2539.0,qwen,SSL,S,S,L
H3,H,1.0,2.0,2.0,1.6666666666666667,56.44,11510.0,3286.0,qwen,SSL,S,S,L
H4,H,1.3333333333333333,1.3333333333333333,2.0,1.5555555555555554,36.16,16777.0,2166.0,qwen,SSL,S,S,L
H5,H,1.3333333333333333,1.3333333333333333,2.0,1.5555555555555554,47.32,12313.0,1767.0,qwen,SSL,S,S,L
H6,H,0.6666666666666666,1.3333333333333333,2.0,1.3333333333333333,21.24,15456.0,1917.0,qwen,SSL,S,S,L
H7,H,1.3333333333333333,1.6666666666666667,2.0,1.6666666666666667,35.41,12708.0,1809.0,qwen,SSL,S,S,L
H8,H,2.0,1.6666666666666667,2.0,1.888888888888889,23.95,13290.0,2134.0,qwen,SSL,S,S,L
H9,H,1.0,1.6666666666666667,2.0,1.5555555555555556,26.15,13666.0,2291.0,qwen,SSL,S,S,L
H10,H,2.0,1.6666666666666667,2.0,1.888888888888889,24.25,15169.0,2577.0,qwen,SSL,S,S,L
